definition,tier,n,n_yes,pct,n_na
def1_strict_commoner_3g,A1,6,5,83.33,86
def1_strict_commoner_3g,A2,1,1,100.0,8
def1_strict_commoner_3g,A3,2,2,100.0,13
def1_strict_commoner_3g,B,24,21,87.5,589
def1_strict_commoner_3g,C,15,12,80.0,435
def1_strict_commoner_3g,D,14,10,71.43,38795
def2_no_elite_among_known,A1,48,23,47.92,44
def2_no_elite_among_known,A2,7,3,42.86,2
def2_no_elite_among_known,A3,7,4,57.14,8
def2_no_elite_among_known,B,171,117,68.42,442
def2_no_elite_among_known,C,94,65,69.15,356
def2_no_elite_among_known,D,371,124,33.42,38438
def3_no_official_among_known,A1,48,25,52.08,44
def3_no_official_among_known,A2,7,3,42.86,2
def3_no_official_among_known,A3,7,4,57.14,8
def3_no_official_among_known,B,171,125,73.1,442
def3_no_official_among_known,C,94,65,69.15,356
def3_no_official_among_known,D,371,165,44.47,38438
def4_no_high_official,A1,23,13,56.52,69
def4_no_high_official,A2,4,3,75.0,5
def4_no_high_official,A3,3,2,66.67,12
def4_no_high_official,B,46,27,58.7,567
def4_no_high_official,C,29,15,51.72,421
def4_no_high_official,D,206,165,80.1,38603
def5_zero_elite_generations,A1,48,23,47.92,44
def5_zero_elite_generations,A2,7,3,42.86,2
def5_zero_elite_generations,A3,7,4,57.14,8
def5_zero_elite_generations,B,171,117,68.42,442
def5_zero_elite_generations,C,94,65,69.15,356
def5_zero_elite_generations,D,371,124,33.42,38438
