claim_id,lit_claim_id,literature_id,claim,v03_variable,variable_role,candidate_source,testability,required_source_capability,reason
C-001,LC-010,LIT-0005,以 CGED-Q 缙绅录（JSL）的官员生涯记录作为测试案例，该流程相较标准概率方法提高了链接质量，得到明显更长的生涯记录链接序列与更少的异常过渡。,time_to_rank,outcome,cgedq_jsl,TESTABLE_NOW,功名年份 + 达到某品级的年份,"cgedq_jsl: access_type=PUBLIC_STRUCTURED, bulk=True, api=True, kin_scope_grade=NONE, kin_population_coverage=NONE → TESTABLE_NOW"
C-002,LC-010,LIT-0005,以 CGED-Q 缙绅录（JSL）的官员生涯记录作为测试案例，该流程相较标准概率方法提高了链接质量，得到明显更长的生涯记录链接序列与更少的异常过渡。,time_to_rank,outcome,lvli_dangan,TESTABLE_WITH_ACCESS_REQUEST,功名年份 + 达到某品级的年份,"lvli_dangan: access_type=ACCESS_REQUEST_REQUIRED, bulk=False, api=False, kin_scope_grade=PARTIAL, kin_population_coverage=LOW → TESTABLE_WITH_ACCESS_REQUEST"
C-003,LC-010,LIT-0005,以 CGED-Q 缙绅录（JSL）的官员生涯记录作为测试案例，该流程相较标准概率方法提高了链接质量，得到明显更长的生涯记录链接序列与更少的异常过渡。,time_to_rank,outcome,tongguanlu,TESTABLE_WITH_ACCESS_REQUEST,功名年份 + 达到某品级的年份,"tongguanlu: access_type=ACCESS_REQUEST_REQUIRED, bulk=False, api=False, kin_scope_grade=BROAD, kin_population_coverage=HIGH → TESTABLE_WITH_ACCESS_REQUEST"
C-004,LC-010,LIT-0005,以 CGED-Q 缙绅录（JSL）的官员生涯记录作为测试案例，该流程相较标准概率方法提高了链接质量，得到明显更长的生涯记录链接序列与更少的异常过渡。,career_length,outcome,cgedq_jsl,TESTABLE_NOW,首次与末次任职年份,"cgedq_jsl: access_type=PUBLIC_STRUCTURED, bulk=True, api=True, kin_scope_grade=NONE, kin_population_coverage=NONE → TESTABLE_NOW"
C-005,LC-010,LIT-0005,以 CGED-Q 缙绅录（JSL）的官员生涯记录作为测试案例，该流程相较标准概率方法提高了链接质量，得到明显更长的生涯记录链接序列与更少的异常过渡。,career_length,outcome,lvli_dangan,TESTABLE_WITH_ACCESS_REQUEST,首次与末次任职年份,"lvli_dangan: access_type=ACCESS_REQUEST_REQUIRED, bulk=False, api=False, kin_scope_grade=PARTIAL, kin_population_coverage=LOW → TESTABLE_WITH_ACCESS_REQUEST"
C-006,LC-015,LIT-0007,直系三代父系祖先皆无功名的比例为：Jinshi 26.47%、Juren 30.72%、Gongsheng 32.74%。,direct_3g_degree_count,exposure,tongnianchilu_qer,TESTABLE_WITH_ACCESS_REQUEST,父/祖/曾祖三代的功名记录（逐人可回源）,"tongnianchilu_qer: access_type=PUBLIC_UI_ONLY, bulk=False, api=False, kin_scope_grade=BROAD, kin_population_coverage=HIGH → TESTABLE_WITH_ACCESS_REQUEST"
C-007,LC-015,LIT-0007,直系三代父系祖先皆无功名的比例为：Jinshi 26.47%、Juren 30.72%、Gongsheng 32.74%。,direct_3g_degree_count,exposure,mingjingtongpu_qer,TESTABLE_WITH_ACCESS_REQUEST,父/祖/曾祖三代的功名记录（逐人可回源）,"mingjingtongpu_qer: access_type=PUBLIC_UI_ONLY, bulk=False, api=False, kin_scope_grade=BROAD, kin_population_coverage=MEDIUM → TESTABLE_WITH_ACCESS_REQUEST"
C-008,LC-015,LIT-0007,直系三代父系祖先皆无功名的比例为：Jinshi 26.47%、Juren 30.72%、Gongsheng 32.74%。,direct_3g_degree_count,exposure,tongguanlu,TESTABLE_WITH_ACCESS_REQUEST,父/祖/曾祖三代的功名记录（逐人可回源）,"tongguanlu: access_type=ACCESS_REQUEST_REQUIRED, bulk=False, api=False, kin_scope_grade=BROAD, kin_population_coverage=HIGH → TESTABLE_WITH_ACCESS_REQUEST"
C-009,LC-015,LIT-0007,直系三代父系祖先皆无功名的比例为：Jinshi 26.47%、Juren 30.72%、Gongsheng 32.74%。,direct_3g_degree_count,exposure,zhujuan,TESTABLE_WITH_ACCESS_REQUEST,父/祖/曾祖三代的功名记录（逐人可回源）,"zhujuan: access_type=ACCESS_REQUEST_REQUIRED, bulk=False, api=False, kin_scope_grade=BROAD, kin_population_coverage=MEDIUM → TESTABLE_WITH_ACCESS_REQUEST"
C-010,LC-015,LIT-0007,直系三代父系祖先皆无功名的比例为：Jinshi 26.47%、Juren 30.72%、Gongsheng 32.74%。,direct_3g_degree_count,exposure,cbdb,NOT_TESTABLE_IN_V03,父/祖/曾祖三代的功名记录（逐人可回源）,"cbdb: access_type=PUBLIC_STRUCTURED, bulk=True, api=True, kin_scope_grade=PARTIAL, kin_population_coverage=LOW → NOT_TESTABLE_IN_V03"
C-011,LC-016,LIT-0007,没有有功名年长男性亲属的比例为：Jinshi 28.4%；正文对 Juren 记 62.2%、Gongsheng 记 64.7%，而表 5 中 Juren 为 67.2%、Gongsheng 为 64.7%。,senior_collateral_degree_count,exposure,tongnianchilu_qer,TESTABLE_WITH_ACCESS_REQUEST,伯叔/伯叔祖等长辈旁系的功名记录,"tongnianchilu_qer: access_type=PUBLIC_UI_ONLY, bulk=False, api=False, kin_scope_grade=BROAD, kin_population_coverage=HIGH → TESTABLE_WITH_ACCESS_REQUEST"
C-012,LC-016,LIT-0007,没有有功名年长男性亲属的比例为：Jinshi 28.4%；正文对 Juren 记 62.2%、Gongsheng 记 64.7%，而表 5 中 Juren 为 67.2%、Gongsheng 为 64.7%。,senior_collateral_degree_count,exposure,mingjingtongpu_qer,TESTABLE_WITH_ACCESS_REQUEST,伯叔/伯叔祖等长辈旁系的功名记录,"mingjingtongpu_qer: access_type=PUBLIC_UI_ONLY, bulk=False, api=False, kin_scope_grade=BROAD, kin_population_coverage=MEDIUM → TESTABLE_WITH_ACCESS_REQUEST"
C-013,LC-016,LIT-0007,没有有功名年长男性亲属的比例为：Jinshi 28.4%；正文对 Juren 记 62.2%、Gongsheng 记 64.7%，而表 5 中 Juren 为 67.2%、Gongsheng 为 64.7%。,senior_collateral_degree_count,exposure,tongguanlu,TESTABLE_WITH_ACCESS_REQUEST,伯叔/伯叔祖等长辈旁系的功名记录,"tongguanlu: access_type=ACCESS_REQUEST_REQUIRED, bulk=False, api=False, kin_scope_grade=BROAD, kin_population_coverage=HIGH → TESTABLE_WITH_ACCESS_REQUEST"
C-014,LC-016,LIT-0007,没有有功名年长男性亲属的比例为：Jinshi 28.4%；正文对 Juren 记 62.2%、Gongsheng 记 64.7%，而表 5 中 Juren 为 67.2%、Gongsheng 为 64.7%。,senior_collateral_degree_count,exposure,zhujuan,TESTABLE_WITH_ACCESS_REQUEST,伯叔/伯叔祖等长辈旁系的功名记录,"zhujuan: access_type=ACCESS_REQUEST_REQUIRED, bulk=False, api=False, kin_scope_grade=BROAD, kin_population_coverage=MEDIUM → TESTABLE_WITH_ACCESS_REQUEST"
C-015,LC-016,LIT-0007,没有有功名年长男性亲属的比例为：Jinshi 28.4%；正文对 Juren 记 62.2%、Gongsheng 记 64.7%，而表 5 中 Juren 为 67.2%、Gongsheng 为 64.7%。,all_senior_elite_kin_count,exposure,tongnianchilu_qer,TESTABLE_WITH_ACCESS_REQUEST,全部长辈亲属（直系+旁系）的精英资格,"tongnianchilu_qer: access_type=PUBLIC_UI_ONLY, bulk=False, api=False, kin_scope_grade=BROAD, kin_population_coverage=HIGH → TESTABLE_WITH_ACCESS_REQUEST"
C-016,LC-016,LIT-0007,没有有功名年长男性亲属的比例为：Jinshi 28.4%；正文对 Juren 记 62.2%、Gongsheng 记 64.7%，而表 5 中 Juren 为 67.2%、Gongsheng 为 64.7%。,all_senior_elite_kin_count,exposure,mingjingtongpu_qer,TESTABLE_WITH_ACCESS_REQUEST,全部长辈亲属（直系+旁系）的精英资格,"mingjingtongpu_qer: access_type=PUBLIC_UI_ONLY, bulk=False, api=False, kin_scope_grade=BROAD, kin_population_coverage=MEDIUM → TESTABLE_WITH_ACCESS_REQUEST"
C-017,LC-016,LIT-0007,没有有功名年长男性亲属的比例为：Jinshi 28.4%；正文对 Juren 记 62.2%、Gongsheng 记 64.7%，而表 5 中 Juren 为 67.2%、Gongsheng 为 64.7%。,all_senior_elite_kin_count,exposure,tongguanlu,TESTABLE_WITH_ACCESS_REQUEST,全部长辈亲属（直系+旁系）的精英资格,"tongguanlu: access_type=ACCESS_REQUEST_REQUIRED, bulk=False, api=False, kin_scope_grade=BROAD, kin_population_coverage=HIGH → TESTABLE_WITH_ACCESS_REQUEST"
C-018,LC-016,LIT-0007,没有有功名年长男性亲属的比例为：Jinshi 28.4%；正文对 Juren 记 62.2%、Gongsheng 记 64.7%，而表 5 中 Juren 为 67.2%、Gongsheng 为 64.7%。,all_senior_elite_kin_count,exposure,zhujuan,TESTABLE_WITH_ACCESS_REQUEST,全部长辈亲属（直系+旁系）的精英资格,"zhujuan: access_type=ACCESS_REQUEST_REQUIRED, bulk=False, api=False, kin_scope_grade=BROAD, kin_population_coverage=MEDIUM → TESTABLE_WITH_ACCESS_REQUEST"
C-019,LC-017,LIT-0007,按 Ho (1962) 定义属“新”人的 Jinshi 占 26.59%，其中 39.6% 至少拥有一位其他有功名的年长男性亲属；合计仅 16.0% 的 Jinshi 完全没有有功名的年长男性亲属。,senior_collateral_degree_count,exposure,tongnianchilu_qer,TESTABLE_WITH_ACCESS_REQUEST,伯叔/伯叔祖等长辈旁系的功名记录,"tongnianchilu_qer: access_type=PUBLIC_UI_ONLY, bulk=False, api=False, kin_scope_grade=BROAD, kin_population_coverage=HIGH → TESTABLE_WITH_ACCESS_REQUEST"
C-020,LC-017,LIT-0007,按 Ho (1962) 定义属“新”人的 Jinshi 占 26.59%，其中 39.6% 至少拥有一位其他有功名的年长男性亲属；合计仅 16.0% 的 Jinshi 完全没有有功名的年长男性亲属。,senior_collateral_degree_count,exposure,mingjingtongpu_qer,TESTABLE_WITH_ACCESS_REQUEST,伯叔/伯叔祖等长辈旁系的功名记录,"mingjingtongpu_qer: access_type=PUBLIC_UI_ONLY, bulk=False, api=False, kin_scope_grade=BROAD, kin_population_coverage=MEDIUM → TESTABLE_WITH_ACCESS_REQUEST"
C-021,LC-017,LIT-0007,按 Ho (1962) 定义属“新”人的 Jinshi 占 26.59%，其中 39.6% 至少拥有一位其他有功名的年长男性亲属；合计仅 16.0% 的 Jinshi 完全没有有功名的年长男性亲属。,senior_collateral_degree_count,exposure,tongguanlu,TESTABLE_WITH_ACCESS_REQUEST,伯叔/伯叔祖等长辈旁系的功名记录,"tongguanlu: access_type=ACCESS_REQUEST_REQUIRED, bulk=False, api=False, kin_scope_grade=BROAD, kin_population_coverage=HIGH → TESTABLE_WITH_ACCESS_REQUEST"
C-022,LC-017,LIT-0007,按 Ho (1962) 定义属“新”人的 Jinshi 占 26.59%，其中 39.6% 至少拥有一位其他有功名的年长男性亲属；合计仅 16.0% 的 Jinshi 完全没有有功名的年长男性亲属。,senior_collateral_degree_count,exposure,zhujuan,TESTABLE_WITH_ACCESS_REQUEST,伯叔/伯叔祖等长辈旁系的功名记录,"zhujuan: access_type=ACCESS_REQUEST_REQUIRED, bulk=False, api=False, kin_scope_grade=BROAD, kin_population_coverage=MEDIUM → TESTABLE_WITH_ACCESS_REQUEST"
C-023,LC-017,LIT-0007,按 Ho (1962) 定义属“新”人的 Jinshi 占 26.59%，其中 39.6% 至少拥有一位其他有功名的年长男性亲属；合计仅 16.0% 的 Jinshi 完全没有有功名的年长男性亲属。,all_senior_elite_kin_count,exposure,tongnianchilu_qer,TESTABLE_WITH_ACCESS_REQUEST,全部长辈亲属（直系+旁系）的精英资格,"tongnianchilu_qer: access_type=PUBLIC_UI_ONLY, bulk=False, api=False, kin_scope_grade=BROAD, kin_population_coverage=HIGH → TESTABLE_WITH_ACCESS_REQUEST"
C-024,LC-017,LIT-0007,按 Ho (1962) 定义属“新”人的 Jinshi 占 26.59%，其中 39.6% 至少拥有一位其他有功名的年长男性亲属；合计仅 16.0% 的 Jinshi 完全没有有功名的年长男性亲属。,all_senior_elite_kin_count,exposure,mingjingtongpu_qer,TESTABLE_WITH_ACCESS_REQUEST,全部长辈亲属（直系+旁系）的精英资格,"mingjingtongpu_qer: access_type=PUBLIC_UI_ONLY, bulk=False, api=False, kin_scope_grade=BROAD, kin_population_coverage=MEDIUM → TESTABLE_WITH_ACCESS_REQUEST"
C-025,LC-017,LIT-0007,按 Ho (1962) 定义属“新”人的 Jinshi 占 26.59%，其中 39.6% 至少拥有一位其他有功名的年长男性亲属；合计仅 16.0% 的 Jinshi 完全没有有功名的年长男性亲属。,all_senior_elite_kin_count,exposure,tongguanlu,TESTABLE_WITH_ACCESS_REQUEST,全部长辈亲属（直系+旁系）的精英资格,"tongguanlu: access_type=ACCESS_REQUEST_REQUIRED, bulk=False, api=False, kin_scope_grade=BROAD, kin_population_coverage=HIGH → TESTABLE_WITH_ACCESS_REQUEST"
C-026,LC-017,LIT-0007,按 Ho (1962) 定义属“新”人的 Jinshi 占 26.59%，其中 39.6% 至少拥有一位其他有功名的年长男性亲属；合计仅 16.0% 的 Jinshi 完全没有有功名的年长男性亲属。,all_senior_elite_kin_count,exposure,zhujuan,TESTABLE_WITH_ACCESS_REQUEST,全部长辈亲属（直系+旁系）的精英资格,"zhujuan: access_type=ACCESS_REQUEST_REQUIRED, bulk=False, api=False, kin_scope_grade=BROAD, kin_population_coverage=MEDIUM → TESTABLE_WITH_ACCESS_REQUEST"
C-027,LC-018,LIT-0007,Juren 中属“新”人者占 30.7%，其中仅 15.3% 拥有其他有功名的年长男性亲属；合计 26.0% 的 Juren 完全没有此类亲属，作者称该比例可能是下界估计。,senior_collateral_degree_count,exposure,tongnianchilu_qer,TESTABLE_WITH_ACCESS_REQUEST,伯叔/伯叔祖等长辈旁系的功名记录,"tongnianchilu_qer: access_type=PUBLIC_UI_ONLY, bulk=False, api=False, kin_scope_grade=BROAD, kin_population_coverage=HIGH → TESTABLE_WITH_ACCESS_REQUEST"
C-028,LC-018,LIT-0007,Juren 中属“新”人者占 30.7%，其中仅 15.3% 拥有其他有功名的年长男性亲属；合计 26.0% 的 Juren 完全没有此类亲属，作者称该比例可能是下界估计。,senior_collateral_degree_count,exposure,mingjingtongpu_qer,TESTABLE_WITH_ACCESS_REQUEST,伯叔/伯叔祖等长辈旁系的功名记录,"mingjingtongpu_qer: access_type=PUBLIC_UI_ONLY, bulk=False, api=False, kin_scope_grade=BROAD, kin_population_coverage=MEDIUM → TESTABLE_WITH_ACCESS_REQUEST"
C-029,LC-018,LIT-0007,Juren 中属“新”人者占 30.7%，其中仅 15.3% 拥有其他有功名的年长男性亲属；合计 26.0% 的 Juren 完全没有此类亲属，作者称该比例可能是下界估计。,senior_collateral_degree_count,exposure,tongguanlu,TESTABLE_WITH_ACCESS_REQUEST,伯叔/伯叔祖等长辈旁系的功名记录,"tongguanlu: access_type=ACCESS_REQUEST_REQUIRED, bulk=False, api=False, kin_scope_grade=BROAD, kin_population_coverage=HIGH → TESTABLE_WITH_ACCESS_REQUEST"
C-030,LC-018,LIT-0007,Juren 中属“新”人者占 30.7%，其中仅 15.3% 拥有其他有功名的年长男性亲属；合计 26.0% 的 Juren 完全没有此类亲属，作者称该比例可能是下界估计。,senior_collateral_degree_count,exposure,zhujuan,TESTABLE_WITH_ACCESS_REQUEST,伯叔/伯叔祖等长辈旁系的功名记录,"zhujuan: access_type=ACCESS_REQUEST_REQUIRED, bulk=False, api=False, kin_scope_grade=BROAD, kin_population_coverage=MEDIUM → TESTABLE_WITH_ACCESS_REQUEST"
C-031,LC-018,LIT-0007,Juren 中属“新”人者占 30.7%，其中仅 15.3% 拥有其他有功名的年长男性亲属；合计 26.0% 的 Juren 完全没有此类亲属，作者称该比例可能是下界估计。,all_senior_elite_kin_count,exposure,tongnianchilu_qer,TESTABLE_WITH_ACCESS_REQUEST,全部长辈亲属（直系+旁系）的精英资格,"tongnianchilu_qer: access_type=PUBLIC_UI_ONLY, bulk=False, api=False, kin_scope_grade=BROAD, kin_population_coverage=HIGH → TESTABLE_WITH_ACCESS_REQUEST"
C-032,LC-018,LIT-0007,Juren 中属“新”人者占 30.7%，其中仅 15.3% 拥有其他有功名的年长男性亲属；合计 26.0% 的 Juren 完全没有此类亲属，作者称该比例可能是下界估计。,all_senior_elite_kin_count,exposure,mingjingtongpu_qer,TESTABLE_WITH_ACCESS_REQUEST,全部长辈亲属（直系+旁系）的精英资格,"mingjingtongpu_qer: access_type=PUBLIC_UI_ONLY, bulk=False, api=False, kin_scope_grade=BROAD, kin_population_coverage=MEDIUM → TESTABLE_WITH_ACCESS_REQUEST"
C-033,LC-018,LIT-0007,Juren 中属“新”人者占 30.7%，其中仅 15.3% 拥有其他有功名的年长男性亲属；合计 26.0% 的 Juren 完全没有此类亲属，作者称该比例可能是下界估计。,all_senior_elite_kin_count,exposure,tongguanlu,TESTABLE_WITH_ACCESS_REQUEST,全部长辈亲属（直系+旁系）的精英资格,"tongguanlu: access_type=ACCESS_REQUEST_REQUIRED, bulk=False, api=False, kin_scope_grade=BROAD, kin_population_coverage=HIGH → TESTABLE_WITH_ACCESS_REQUEST"
C-034,LC-018,LIT-0007,Juren 中属“新”人者占 30.7%，其中仅 15.3% 拥有其他有功名的年长男性亲属；合计 26.0% 的 Juren 完全没有此类亲属，作者称该比例可能是下界估计。,all_senior_elite_kin_count,exposure,zhujuan,TESTABLE_WITH_ACCESS_REQUEST,全部长辈亲属（直系+旁系）的精英资格,"zhujuan: access_type=ACCESS_REQUEST_REQUIRED, bulk=False, api=False, kin_scope_grade=BROAD, kin_population_coverage=MEDIUM → TESTABLE_WITH_ACCESS_REQUEST"
C-035,LC-019,LIT-0007,亲属功名数量的相关系数为：Jinshi 的“其他年长男性”与“同辈男性”相关 0.45、Juren 0.48、Gongsheng 0.32；“近三代祖先”与“其他年长男性”分别为 0.19、0.11、0.27。,kin_degree_density,exposure,tongnianchilu_qer,TESTABLE_WITH_ACCESS_REQUEST,可观测亲属总数 + 其中具功名者数,"tongnianchilu_qer: access_type=PUBLIC_UI_ONLY, bulk=False, api=False, kin_scope_grade=BROAD, kin_population_coverage=HIGH → TESTABLE_WITH_ACCESS_REQUEST"
C-036,LC-019,LIT-0007,亲属功名数量的相关系数为：Jinshi 的“其他年长男性”与“同辈男性”相关 0.45、Juren 0.48、Gongsheng 0.32；“近三代祖先”与“其他年长男性”分别为 0.19、0.11、0.27。,kin_degree_density,exposure,mingjingtongpu_qer,TESTABLE_WITH_ACCESS_REQUEST,可观测亲属总数 + 其中具功名者数,"mingjingtongpu_qer: access_type=PUBLIC_UI_ONLY, bulk=False, api=False, kin_scope_grade=BROAD, kin_population_coverage=MEDIUM → TESTABLE_WITH_ACCESS_REQUEST"
C-037,LC-019,LIT-0007,亲属功名数量的相关系数为：Jinshi 的“其他年长男性”与“同辈男性”相关 0.45、Juren 0.48、Gongsheng 0.32；“近三代祖先”与“其他年长男性”分别为 0.19、0.11、0.27。,kin_degree_density,exposure,tongguanlu,TESTABLE_WITH_ACCESS_REQUEST,可观测亲属总数 + 其中具功名者数,"tongguanlu: access_type=ACCESS_REQUEST_REQUIRED, bulk=False, api=False, kin_scope_grade=BROAD, kin_population_coverage=HIGH → TESTABLE_WITH_ACCESS_REQUEST"
C-038,LC-026,LIT-0009,"咸丰三年（1853）Tong 在大挑（Datiao）中考取一等，任河南省试用县职主官（Supervisor of the County, for trial use），并卒于在任期间。",first_substantive_office,outcome,cgedq_jsl,TESTABLE_NOW,实授/署理/候补状态 + 起任年份,"cgedq_jsl: access_type=PUBLIC_STRUCTURED, bulk=True, api=True, kin_scope_grade=NONE, kin_population_coverage=NONE → TESTABLE_NOW"
C-039,LC-026,LIT-0009,"咸丰三年（1853）Tong 在大挑（Datiao）中考取一等，任河南省试用县职主官（Supervisor of the County, for trial use），并卒于在任期间。",first_substantive_office,outcome,lvli_dangan,TESTABLE_WITH_ACCESS_REQUEST,实授/署理/候补状态 + 起任年份,"lvli_dangan: access_type=ACCESS_REQUEST_REQUIRED, bulk=False, api=False, kin_scope_grade=PARTIAL, kin_population_coverage=LOW → TESTABLE_WITH_ACCESS_REQUEST"
C-040,LC-026,LIT-0009,"咸丰三年（1853）Tong 在大挑（Datiao）中考取一等，任河南省试用县职主官（Supervisor of the County, for trial use），并卒于在任期间。",first_substantive_office,outcome,tongguanlu,TESTABLE_WITH_ACCESS_REQUEST,实授/署理/候补状态 + 起任年份,"tongguanlu: access_type=ACCESS_REQUEST_REQUIRED, bulk=False, api=False, kin_scope_grade=BROAD, kin_population_coverage=HIGH → TESTABLE_WITH_ACCESS_REQUEST"
C-041,LC-032,LIT-0011,捐纳为全国性著名家族开启了世袭任官的可能性。,direct_elite_generations,exposure,tongnianchilu_qer,TESTABLE_WITH_ACCESS_REQUEST,三代各自的功名或任官二值,"tongnianchilu_qer: access_type=PUBLIC_UI_ONLY, bulk=False, api=False, kin_scope_grade=BROAD, kin_population_coverage=HIGH → TESTABLE_WITH_ACCESS_REQUEST"
C-042,LC-032,LIT-0011,捐纳为全国性著名家族开启了世袭任官的可能性。,direct_elite_generations,exposure,mingjingtongpu_qer,TESTABLE_WITH_ACCESS_REQUEST,三代各自的功名或任官二值,"mingjingtongpu_qer: access_type=PUBLIC_UI_ONLY, bulk=False, api=False, kin_scope_grade=BROAD, kin_population_coverage=MEDIUM → TESTABLE_WITH_ACCESS_REQUEST"
C-043,LC-032,LIT-0011,捐纳为全国性著名家族开启了世袭任官的可能性。,direct_elite_generations,exposure,tongguanlu,TESTABLE_WITH_ACCESS_REQUEST,三代各自的功名或任官二值,"tongguanlu: access_type=ACCESS_REQUEST_REQUIRED, bulk=False, api=False, kin_scope_grade=BROAD, kin_population_coverage=HIGH → TESTABLE_WITH_ACCESS_REQUEST"
C-044,LC-032,LIT-0011,捐纳为全国性著名家族开启了世袭任官的可能性。,direct_elite_generations,exposure,cbdb,NOT_TESTABLE_IN_V03,三代各自的功名或任官二值,"cbdb: access_type=PUBLIC_STRUCTURED, bulk=True, api=True, kin_scope_grade=PARTIAL, kin_population_coverage=LOW → NOT_TESTABLE_IN_V03"
C-045,LC-033,LIT-0012,论文利用中国东北辽宁省的一个数据集，考察晚清时期社会阶级之间的代际流动。,direct_elite_generations,exposure,tongnianchilu_qer,TESTABLE_WITH_ACCESS_REQUEST,三代各自的功名或任官二值,"tongnianchilu_qer: access_type=PUBLIC_UI_ONLY, bulk=False, api=False, kin_scope_grade=BROAD, kin_population_coverage=HIGH → TESTABLE_WITH_ACCESS_REQUEST"
C-046,LC-033,LIT-0012,论文利用中国东北辽宁省的一个数据集，考察晚清时期社会阶级之间的代际流动。,direct_elite_generations,exposure,mingjingtongpu_qer,TESTABLE_WITH_ACCESS_REQUEST,三代各自的功名或任官二值,"mingjingtongpu_qer: access_type=PUBLIC_UI_ONLY, bulk=False, api=False, kin_scope_grade=BROAD, kin_population_coverage=MEDIUM → TESTABLE_WITH_ACCESS_REQUEST"
C-047,LC-033,LIT-0012,论文利用中国东北辽宁省的一个数据集，考察晚清时期社会阶级之间的代际流动。,direct_elite_generations,exposure,tongguanlu,TESTABLE_WITH_ACCESS_REQUEST,三代各自的功名或任官二值,"tongguanlu: access_type=ACCESS_REQUEST_REQUIRED, bulk=False, api=False, kin_scope_grade=BROAD, kin_population_coverage=HIGH → TESTABLE_WITH_ACCESS_REQUEST"
C-048,LC-033,LIT-0012,论文利用中国东北辽宁省的一个数据集，考察晚清时期社会阶级之间的代际流动。,direct_elite_generations,exposure,cbdb,NOT_TESTABLE_IN_V03,三代各自的功名或任官二值,"cbdb: access_type=PUBLIC_STRUCTURED, bulk=True, api=True, kin_scope_grade=PARTIAL, kin_population_coverage=LOW → NOT_TESTABLE_IN_V03"
C-049,LC-034,LIT-0012,研究识别出两个流动性动态明显不同的时期。,direct_elite_generations,exposure,tongnianchilu_qer,TESTABLE_WITH_ACCESS_REQUEST,三代各自的功名或任官二值,"tongnianchilu_qer: access_type=PUBLIC_UI_ONLY, bulk=False, api=False, kin_scope_grade=BROAD, kin_population_coverage=HIGH → TESTABLE_WITH_ACCESS_REQUEST"
C-050,LC-034,LIT-0012,研究识别出两个流动性动态明显不同的时期。,direct_elite_generations,exposure,mingjingtongpu_qer,TESTABLE_WITH_ACCESS_REQUEST,三代各自的功名或任官二值,"mingjingtongpu_qer: access_type=PUBLIC_UI_ONLY, bulk=False, api=False, kin_scope_grade=BROAD, kin_population_coverage=MEDIUM → TESTABLE_WITH_ACCESS_REQUEST"
C-051,LC-034,LIT-0012,研究识别出两个流动性动态明显不同的时期。,direct_elite_generations,exposure,tongguanlu,TESTABLE_WITH_ACCESS_REQUEST,三代各自的功名或任官二值,"tongguanlu: access_type=ACCESS_REQUEST_REQUIRED, bulk=False, api=False, kin_scope_grade=BROAD, kin_population_coverage=HIGH → TESTABLE_WITH_ACCESS_REQUEST"
C-052,LC-034,LIT-0012,研究识别出两个流动性动态明显不同的时期。,direct_elite_generations,exposure,cbdb,NOT_TESTABLE_IN_V03,三代各自的功名或任官二值,"cbdb: access_type=PUBLIC_STRUCTURED, bulk=True, api=True, kin_scope_grade=PARTIAL, kin_population_coverage=LOW → NOT_TESTABLE_IN_V03"
C-053,LC-035,LIT-0012,1850 年以前，流动模式表现为稳定并收敛于一个稳态。,direct_elite_generations,exposure,tongnianchilu_qer,TESTABLE_WITH_ACCESS_REQUEST,三代各自的功名或任官二值,"tongnianchilu_qer: access_type=PUBLIC_UI_ONLY, bulk=False, api=False, kin_scope_grade=BROAD, kin_population_coverage=HIGH → TESTABLE_WITH_ACCESS_REQUEST"
C-054,LC-035,LIT-0012,1850 年以前，流动模式表现为稳定并收敛于一个稳态。,direct_elite_generations,exposure,mingjingtongpu_qer,TESTABLE_WITH_ACCESS_REQUEST,三代各自的功名或任官二值,"mingjingtongpu_qer: access_type=PUBLIC_UI_ONLY, bulk=False, api=False, kin_scope_grade=BROAD, kin_population_coverage=MEDIUM → TESTABLE_WITH_ACCESS_REQUEST"
C-055,LC-035,LIT-0012,1850 年以前，流动模式表现为稳定并收敛于一个稳态。,direct_elite_generations,exposure,tongguanlu,TESTABLE_WITH_ACCESS_REQUEST,三代各自的功名或任官二值,"tongguanlu: access_type=ACCESS_REQUEST_REQUIRED, bulk=False, api=False, kin_scope_grade=BROAD, kin_population_coverage=HIGH → TESTABLE_WITH_ACCESS_REQUEST"
C-056,LC-035,LIT-0012,1850 年以前，流动模式表现为稳定并收敛于一个稳态。,direct_elite_generations,exposure,cbdb,NOT_TESTABLE_IN_V03,三代各自的功名或任官二值,"cbdb: access_type=PUBLIC_STRUCTURED, bulk=True, api=True, kin_scope_grade=PARTIAL, kin_population_coverage=LOW → NOT_TESTABLE_IN_V03"
C-057,LC-036,LIT-0012,约自 1850 年开始的第二个时期，其特征是直到王朝崩溃之前持续不稳定的代际阶级动态。,direct_elite_generations,exposure,tongnianchilu_qer,TESTABLE_WITH_ACCESS_REQUEST,三代各自的功名或任官二值,"tongnianchilu_qer: access_type=PUBLIC_UI_ONLY, bulk=False, api=False, kin_scope_grade=BROAD, kin_population_coverage=HIGH → TESTABLE_WITH_ACCESS_REQUEST"
C-058,LC-036,LIT-0012,约自 1850 年开始的第二个时期，其特征是直到王朝崩溃之前持续不稳定的代际阶级动态。,direct_elite_generations,exposure,mingjingtongpu_qer,TESTABLE_WITH_ACCESS_REQUEST,三代各自的功名或任官二值,"mingjingtongpu_qer: access_type=PUBLIC_UI_ONLY, bulk=False, api=False, kin_scope_grade=BROAD, kin_population_coverage=MEDIUM → TESTABLE_WITH_ACCESS_REQUEST"
C-059,LC-036,LIT-0012,约自 1850 年开始的第二个时期，其特征是直到王朝崩溃之前持续不稳定的代际阶级动态。,direct_elite_generations,exposure,tongguanlu,TESTABLE_WITH_ACCESS_REQUEST,三代各自的功名或任官二值,"tongguanlu: access_type=ACCESS_REQUEST_REQUIRED, bulk=False, api=False, kin_scope_grade=BROAD, kin_population_coverage=HIGH → TESTABLE_WITH_ACCESS_REQUEST"
C-060,LC-036,LIT-0012,约自 1850 年开始的第二个时期，其特征是直到王朝崩溃之前持续不稳定的代际阶级动态。,direct_elite_generations,exposure,cbdb,NOT_TESTABLE_IN_V03,三代各自的功名或任官二值,"cbdb: access_type=PUBLIC_STRUCTURED, bulk=True, api=True, kin_scope_grade=PARTIAL, kin_population_coverage=LOW → NOT_TESTABLE_IN_V03"
C-061,LC-040,LIT-0016,本文为研究 19 世纪末至 20 世纪初中国官员的亲属网络、资格与仕途引入一项新史料：一个由同官录（Tongguanlu）官员名册构建的数据集，名册包含官员的简历、功名或其他资格以及亲属名册。,all_senior_elite_kin_count,exposure,tongnianchilu_qer,TESTABLE_WITH_ACCESS_REQUEST,全部长辈亲属（直系+旁系）的精英资格,"tongnianchilu_qer: access_type=PUBLIC_UI_ONLY, bulk=False, api=False, kin_scope_grade=BROAD, kin_population_coverage=HIGH → TESTABLE_WITH_ACCESS_REQUEST"
C-062,LC-040,LIT-0016,本文为研究 19 世纪末至 20 世纪初中国官员的亲属网络、资格与仕途引入一项新史料：一个由同官录（Tongguanlu）官员名册构建的数据集，名册包含官员的简历、功名或其他资格以及亲属名册。,all_senior_elite_kin_count,exposure,mingjingtongpu_qer,TESTABLE_WITH_ACCESS_REQUEST,全部长辈亲属（直系+旁系）的精英资格,"mingjingtongpu_qer: access_type=PUBLIC_UI_ONLY, bulk=False, api=False, kin_scope_grade=BROAD, kin_population_coverage=MEDIUM → TESTABLE_WITH_ACCESS_REQUEST"
C-063,LC-040,LIT-0016,本文为研究 19 世纪末至 20 世纪初中国官员的亲属网络、资格与仕途引入一项新史料：一个由同官录（Tongguanlu）官员名册构建的数据集，名册包含官员的简历、功名或其他资格以及亲属名册。,all_senior_elite_kin_count,exposure,tongguanlu,TESTABLE_WITH_ACCESS_REQUEST,全部长辈亲属（直系+旁系）的精英资格,"tongguanlu: access_type=ACCESS_REQUEST_REQUIRED, bulk=False, api=False, kin_scope_grade=BROAD, kin_population_coverage=HIGH → TESTABLE_WITH_ACCESS_REQUEST"
C-064,LC-040,LIT-0016,本文为研究 19 世纪末至 20 世纪初中国官员的亲属网络、资格与仕途引入一项新史料：一个由同官录（Tongguanlu）官员名册构建的数据集，名册包含官员的简历、功名或其他资格以及亲属名册。,all_senior_elite_kin_count,exposure,zhujuan,TESTABLE_WITH_ACCESS_REQUEST,全部长辈亲属（直系+旁系）的精英资格,"zhujuan: access_type=ACCESS_REQUEST_REQUIRED, bulk=False, api=False, kin_scope_grade=BROAD, kin_population_coverage=MEDIUM → TESTABLE_WITH_ACCESS_REQUEST"
C-065,LC-041,LIT-0016,与用于研究高级功名（全国性进士、省级举人与考试贡生）持有者社会出身的其他史料不同，同官录还收录地位较低的捐纳功名与府级生员（Shengyuan）功名持有者，而这些人在 19 世纪官员、尤其是地方官中占很大份额。,direct_3g_degree_count,exposure,tongnianchilu_qer,TESTABLE_WITH_ACCESS_REQUEST,父/祖/曾祖三代的功名记录（逐人可回源）,"tongnianchilu_qer: access_type=PUBLIC_UI_ONLY, bulk=False, api=False, kin_scope_grade=BROAD, kin_population_coverage=HIGH → TESTABLE_WITH_ACCESS_REQUEST"
C-066,LC-041,LIT-0016,与用于研究高级功名（全国性进士、省级举人与考试贡生）持有者社会出身的其他史料不同，同官录还收录地位较低的捐纳功名与府级生员（Shengyuan）功名持有者，而这些人在 19 世纪官员、尤其是地方官中占很大份额。,direct_3g_degree_count,exposure,mingjingtongpu_qer,TESTABLE_WITH_ACCESS_REQUEST,父/祖/曾祖三代的功名记录（逐人可回源）,"mingjingtongpu_qer: access_type=PUBLIC_UI_ONLY, bulk=False, api=False, kin_scope_grade=BROAD, kin_population_coverage=MEDIUM → TESTABLE_WITH_ACCESS_REQUEST"
C-067,LC-041,LIT-0016,与用于研究高级功名（全国性进士、省级举人与考试贡生）持有者社会出身的其他史料不同，同官录还收录地位较低的捐纳功名与府级生员（Shengyuan）功名持有者，而这些人在 19 世纪官员、尤其是地方官中占很大份额。,direct_3g_degree_count,exposure,tongguanlu,TESTABLE_WITH_ACCESS_REQUEST,父/祖/曾祖三代的功名记录（逐人可回源）,"tongguanlu: access_type=ACCESS_REQUEST_REQUIRED, bulk=False, api=False, kin_scope_grade=BROAD, kin_population_coverage=HIGH → TESTABLE_WITH_ACCESS_REQUEST"
C-068,LC-041,LIT-0016,与用于研究高级功名（全国性进士、省级举人与考试贡生）持有者社会出身的其他史料不同，同官录还收录地位较低的捐纳功名与府级生员（Shengyuan）功名持有者，而这些人在 19 世纪官员、尤其是地方官中占很大份额。,direct_3g_degree_count,exposure,zhujuan,TESTABLE_WITH_ACCESS_REQUEST,父/祖/曾祖三代的功名记录（逐人可回源）,"zhujuan: access_type=ACCESS_REQUEST_REQUIRED, bulk=False, api=False, kin_scope_grade=BROAD, kin_population_coverage=MEDIUM → TESTABLE_WITH_ACCESS_REQUEST"
C-069,LC-041,LIT-0016,与用于研究高级功名（全国性进士、省级举人与考试贡生）持有者社会出身的其他史料不同，同官录还收录地位较低的捐纳功名与府级生员（Shengyuan）功名持有者，而这些人在 19 世纪官员、尤其是地方官中占很大份额。,direct_3g_degree_count,exposure,cbdb,NOT_TESTABLE_IN_V03,父/祖/曾祖三代的功名记录（逐人可回源）,"cbdb: access_type=PUBLIC_STRUCTURED, bulk=True, api=True, kin_scope_grade=PARTIAL, kin_population_coverage=LOW → NOT_TESTABLE_IN_V03"
C-070,LC-042,LIT-0016,该史料的亲属信息不仅包括父系亲属的姓名与所持功名，也包括母系亲属与姻亲的姓名与所持功名。,all_senior_elite_kin_count,exposure,tongnianchilu_qer,TESTABLE_WITH_ACCESS_REQUEST,全部长辈亲属（直系+旁系）的精英资格,"tongnianchilu_qer: access_type=PUBLIC_UI_ONLY, bulk=False, api=False, kin_scope_grade=BROAD, kin_population_coverage=HIGH → TESTABLE_WITH_ACCESS_REQUEST"
C-071,LC-042,LIT-0016,该史料的亲属信息不仅包括父系亲属的姓名与所持功名，也包括母系亲属与姻亲的姓名与所持功名。,all_senior_elite_kin_count,exposure,mingjingtongpu_qer,TESTABLE_WITH_ACCESS_REQUEST,全部长辈亲属（直系+旁系）的精英资格,"mingjingtongpu_qer: access_type=PUBLIC_UI_ONLY, bulk=False, api=False, kin_scope_grade=BROAD, kin_population_coverage=MEDIUM → TESTABLE_WITH_ACCESS_REQUEST"
C-072,LC-042,LIT-0016,该史料的亲属信息不仅包括父系亲属的姓名与所持功名，也包括母系亲属与姻亲的姓名与所持功名。,all_senior_elite_kin_count,exposure,tongguanlu,TESTABLE_WITH_ACCESS_REQUEST,全部长辈亲属（直系+旁系）的精英资格,"tongguanlu: access_type=ACCESS_REQUEST_REQUIRED, bulk=False, api=False, kin_scope_grade=BROAD, kin_population_coverage=HIGH → TESTABLE_WITH_ACCESS_REQUEST"
C-073,LC-042,LIT-0016,该史料的亲属信息不仅包括父系亲属的姓名与所持功名，也包括母系亲属与姻亲的姓名与所持功名。,all_senior_elite_kin_count,exposure,zhujuan,TESTABLE_WITH_ACCESS_REQUEST,全部长辈亲属（直系+旁系）的精英资格,"zhujuan: access_type=ACCESS_REQUEST_REQUIRED, bulk=False, api=False, kin_scope_grade=BROAD, kin_population_coverage=MEDIUM → TESTABLE_WITH_ACCESS_REQUEST"
C-074,LC-042,LIT-0016,该史料的亲属信息不仅包括父系亲属的姓名与所持功名，也包括母系亲属与姻亲的姓名与所持功名。,senior_collateral_degree_count,exposure,tongnianchilu_qer,TESTABLE_WITH_ACCESS_REQUEST,伯叔/伯叔祖等长辈旁系的功名记录,"tongnianchilu_qer: access_type=PUBLIC_UI_ONLY, bulk=False, api=False, kin_scope_grade=BROAD, kin_population_coverage=HIGH → TESTABLE_WITH_ACCESS_REQUEST"
C-075,LC-042,LIT-0016,该史料的亲属信息不仅包括父系亲属的姓名与所持功名，也包括母系亲属与姻亲的姓名与所持功名。,senior_collateral_degree_count,exposure,mingjingtongpu_qer,TESTABLE_WITH_ACCESS_REQUEST,伯叔/伯叔祖等长辈旁系的功名记录,"mingjingtongpu_qer: access_type=PUBLIC_UI_ONLY, bulk=False, api=False, kin_scope_grade=BROAD, kin_population_coverage=MEDIUM → TESTABLE_WITH_ACCESS_REQUEST"
C-076,LC-042,LIT-0016,该史料的亲属信息不仅包括父系亲属的姓名与所持功名，也包括母系亲属与姻亲的姓名与所持功名。,senior_collateral_degree_count,exposure,tongguanlu,TESTABLE_WITH_ACCESS_REQUEST,伯叔/伯叔祖等长辈旁系的功名记录,"tongguanlu: access_type=ACCESS_REQUEST_REQUIRED, bulk=False, api=False, kin_scope_grade=BROAD, kin_population_coverage=HIGH → TESTABLE_WITH_ACCESS_REQUEST"
C-077,LC-042,LIT-0016,该史料的亲属信息不仅包括父系亲属的姓名与所持功名，也包括母系亲属与姻亲的姓名与所持功名。,senior_collateral_degree_count,exposure,zhujuan,TESTABLE_WITH_ACCESS_REQUEST,伯叔/伯叔祖等长辈旁系的功名记录,"zhujuan: access_type=ACCESS_REQUEST_REQUIRED, bulk=False, api=False, kin_scope_grade=BROAD, kin_population_coverage=MEDIUM → TESTABLE_WITH_ACCESS_REQUEST"
C-078,LC-043,LIT-0016,利用该数据集考察官员本人所持功名与其亲属所持功名之间的关系，作者发现持有捐纳功名与低级生员功名的官员，比持有较高功名者更少拥有有功名的其他亲属。,direct_3g_degree_count,exposure,tongnianchilu_qer,TESTABLE_WITH_ACCESS_REQUEST,父/祖/曾祖三代的功名记录（逐人可回源）,"tongnianchilu_qer: access_type=PUBLIC_UI_ONLY, bulk=False, api=False, kin_scope_grade=BROAD, kin_population_coverage=HIGH → TESTABLE_WITH_ACCESS_REQUEST"
C-079,LC-043,LIT-0016,利用该数据集考察官员本人所持功名与其亲属所持功名之间的关系，作者发现持有捐纳功名与低级生员功名的官员，比持有较高功名者更少拥有有功名的其他亲属。,direct_3g_degree_count,exposure,mingjingtongpu_qer,TESTABLE_WITH_ACCESS_REQUEST,父/祖/曾祖三代的功名记录（逐人可回源）,"mingjingtongpu_qer: access_type=PUBLIC_UI_ONLY, bulk=False, api=False, kin_scope_grade=BROAD, kin_population_coverage=MEDIUM → TESTABLE_WITH_ACCESS_REQUEST"
C-080,LC-043,LIT-0016,利用该数据集考察官员本人所持功名与其亲属所持功名之间的关系，作者发现持有捐纳功名与低级生员功名的官员，比持有较高功名者更少拥有有功名的其他亲属。,direct_3g_degree_count,exposure,tongguanlu,TESTABLE_WITH_ACCESS_REQUEST,父/祖/曾祖三代的功名记录（逐人可回源）,"tongguanlu: access_type=ACCESS_REQUEST_REQUIRED, bulk=False, api=False, kin_scope_grade=BROAD, kin_population_coverage=HIGH → TESTABLE_WITH_ACCESS_REQUEST"
C-081,LC-043,LIT-0016,利用该数据集考察官员本人所持功名与其亲属所持功名之间的关系，作者发现持有捐纳功名与低级生员功名的官员，比持有较高功名者更少拥有有功名的其他亲属。,direct_3g_degree_count,exposure,zhujuan,TESTABLE_WITH_ACCESS_REQUEST,父/祖/曾祖三代的功名记录（逐人可回源）,"zhujuan: access_type=ACCESS_REQUEST_REQUIRED, bulk=False, api=False, kin_scope_grade=BROAD, kin_population_coverage=MEDIUM → TESTABLE_WITH_ACCESS_REQUEST"
C-082,LC-043,LIT-0016,利用该数据集考察官员本人所持功名与其亲属所持功名之间的关系，作者发现持有捐纳功名与低级生员功名的官员，比持有较高功名者更少拥有有功名的其他亲属。,direct_3g_degree_count,exposure,cbdb,NOT_TESTABLE_IN_V03,父/祖/曾祖三代的功名记录（逐人可回源）,"cbdb: access_type=PUBLIC_STRUCTURED, bulk=True, api=True, kin_scope_grade=PARTIAL, kin_population_coverage=LOW → NOT_TESTABLE_IN_V03"
C-083,LC-043,LIT-0016,利用该数据集考察官员本人所持功名与其亲属所持功名之间的关系，作者发现持有捐纳功名与低级生员功名的官员，比持有较高功名者更少拥有有功名的其他亲属。,all_senior_elite_kin_count,exposure,tongnianchilu_qer,TESTABLE_WITH_ACCESS_REQUEST,全部长辈亲属（直系+旁系）的精英资格,"tongnianchilu_qer: access_type=PUBLIC_UI_ONLY, bulk=False, api=False, kin_scope_grade=BROAD, kin_population_coverage=HIGH → TESTABLE_WITH_ACCESS_REQUEST"
C-084,LC-043,LIT-0016,利用该数据集考察官员本人所持功名与其亲属所持功名之间的关系，作者发现持有捐纳功名与低级生员功名的官员，比持有较高功名者更少拥有有功名的其他亲属。,all_senior_elite_kin_count,exposure,mingjingtongpu_qer,TESTABLE_WITH_ACCESS_REQUEST,全部长辈亲属（直系+旁系）的精英资格,"mingjingtongpu_qer: access_type=PUBLIC_UI_ONLY, bulk=False, api=False, kin_scope_grade=BROAD, kin_population_coverage=MEDIUM → TESTABLE_WITH_ACCESS_REQUEST"
C-085,LC-043,LIT-0016,利用该数据集考察官员本人所持功名与其亲属所持功名之间的关系，作者发现持有捐纳功名与低级生员功名的官员，比持有较高功名者更少拥有有功名的其他亲属。,all_senior_elite_kin_count,exposure,tongguanlu,TESTABLE_WITH_ACCESS_REQUEST,全部长辈亲属（直系+旁系）的精英资格,"tongguanlu: access_type=ACCESS_REQUEST_REQUIRED, bulk=False, api=False, kin_scope_grade=BROAD, kin_population_coverage=HIGH → TESTABLE_WITH_ACCESS_REQUEST"
C-086,LC-043,LIT-0016,利用该数据集考察官员本人所持功名与其亲属所持功名之间的关系，作者发现持有捐纳功名与低级生员功名的官员，比持有较高功名者更少拥有有功名的其他亲属。,all_senior_elite_kin_count,exposure,zhujuan,TESTABLE_WITH_ACCESS_REQUEST,全部长辈亲属（直系+旁系）的精英资格,"zhujuan: access_type=ACCESS_REQUEST_REQUIRED, bulk=False, api=False, kin_scope_grade=BROAD, kin_population_coverage=MEDIUM → TESTABLE_WITH_ACCESS_REQUEST"
C-087,LC-044,LIT-0016,作者还发现，具有实授（regular）与候补（expectant）任命的官员，比具有署理（acting）任命的官员更可能拥有持有功名的亲属。,appointment_regular_share,outcome,cgedq_jsl,TESTABLE_NOW,选任方式（regular/expectant/acting）,"cgedq_jsl: access_type=PUBLIC_STRUCTURED, bulk=True, api=True, kin_scope_grade=NONE, kin_population_coverage=NONE → TESTABLE_NOW"
C-088,LC-044,LIT-0016,作者还发现，具有实授（regular）与候补（expectant）任命的官员，比具有署理（acting）任命的官员更可能拥有持有功名的亲属。,appointment_regular_share,outcome,tongguanlu,TESTABLE_WITH_ACCESS_REQUEST,选任方式（regular/expectant/acting）,"tongguanlu: access_type=ACCESS_REQUEST_REQUIRED, bulk=False, api=False, kin_scope_grade=BROAD, kin_population_coverage=HIGH → TESTABLE_WITH_ACCESS_REQUEST"
C-089,LC-044,LIT-0016,作者还发现，具有实授（regular）与候补（expectant）任命的官员，比具有署理（acting）任命的官员更可能拥有持有功名的亲属。,appointment_regular_share,outcome,lvli_dangan,TESTABLE_WITH_ACCESS_REQUEST,选任方式（regular/expectant/acting）,"lvli_dangan: access_type=ACCESS_REQUEST_REQUIRED, bulk=False, api=False, kin_scope_grade=PARTIAL, kin_population_coverage=LOW → TESTABLE_WITH_ACCESS_REQUEST"
C-090,LC-044,LIT-0016,作者还发现，具有实授（regular）与候补（expectant）任命的官员，比具有署理（acting）任命的官员更可能拥有持有功名的亲属。,acting_share,outcome,cgedq_jsl,TESTABLE_NOW,署理标记,"cgedq_jsl: access_type=PUBLIC_STRUCTURED, bulk=True, api=True, kin_scope_grade=NONE, kin_population_coverage=NONE → TESTABLE_NOW"
C-091,LC-044,LIT-0016,作者还发现，具有实授（regular）与候补（expectant）任命的官员，比具有署理（acting）任命的官员更可能拥有持有功名的亲属。,acting_share,outcome,tongguanlu,TESTABLE_WITH_ACCESS_REQUEST,署理标记,"tongguanlu: access_type=ACCESS_REQUEST_REQUIRED, bulk=False, api=False, kin_scope_grade=BROAD, kin_population_coverage=HIGH → TESTABLE_WITH_ACCESS_REQUEST"
C-092,LC-044,LIT-0016,作者还发现，具有实授（regular）与候补（expectant）任命的官员，比具有署理（acting）任命的官员更可能拥有持有功名的亲属。,acting_share,outcome,lvli_dangan,TESTABLE_WITH_ACCESS_REQUEST,署理标记,"lvli_dangan: access_type=ACCESS_REQUEST_REQUIRED, bulk=False, api=False, kin_scope_grade=PARTIAL, kin_population_coverage=LOW → TESTABLE_WITH_ACCESS_REQUEST"
C-093,LC-046,LIT-0017,"数据集含 8,712 名唯一官员，其中 5,224 人列有亲属，共记录 37,771 名亲属；对 4,697 名官员记录了考试或捐纳功名，其名下列有 32,361 名亲属。",all_senior_elite_kin_count,exposure,tongnianchilu_qer,TESTABLE_WITH_ACCESS_REQUEST,全部长辈亲属（直系+旁系）的精英资格,"tongnianchilu_qer: access_type=PUBLIC_UI_ONLY, bulk=False, api=False, kin_scope_grade=BROAD, kin_population_coverage=HIGH → TESTABLE_WITH_ACCESS_REQUEST"
C-094,LC-046,LIT-0017,"数据集含 8,712 名唯一官员，其中 5,224 人列有亲属，共记录 37,771 名亲属；对 4,697 名官员记录了考试或捐纳功名，其名下列有 32,361 名亲属。",all_senior_elite_kin_count,exposure,mingjingtongpu_qer,TESTABLE_WITH_ACCESS_REQUEST,全部长辈亲属（直系+旁系）的精英资格,"mingjingtongpu_qer: access_type=PUBLIC_UI_ONLY, bulk=False, api=False, kin_scope_grade=BROAD, kin_population_coverage=MEDIUM → TESTABLE_WITH_ACCESS_REQUEST"
C-095,LC-046,LIT-0017,"数据集含 8,712 名唯一官员，其中 5,224 人列有亲属，共记录 37,771 名亲属；对 4,697 名官员记录了考试或捐纳功名，其名下列有 32,361 名亲属。",all_senior_elite_kin_count,exposure,tongguanlu,TESTABLE_WITH_ACCESS_REQUEST,全部长辈亲属（直系+旁系）的精英资格,"tongguanlu: access_type=ACCESS_REQUEST_REQUIRED, bulk=False, api=False, kin_scope_grade=BROAD, kin_population_coverage=HIGH → TESTABLE_WITH_ACCESS_REQUEST"
C-096,LC-046,LIT-0017,"数据集含 8,712 名唯一官员，其中 5,224 人列有亲属，共记录 37,771 名亲属；对 4,697 名官员记录了考试或捐纳功名，其名下列有 32,361 名亲属。",all_senior_elite_kin_count,exposure,zhujuan,TESTABLE_WITH_ACCESS_REQUEST,全部长辈亲属（直系+旁系）的精英资格,"zhujuan: access_type=ACCESS_REQUEST_REQUIRED, bulk=False, api=False, kin_scope_grade=BROAD, kin_population_coverage=MEDIUM → TESTABLE_WITH_ACCESS_REQUEST"
C-097,LC-049,LIT-0017,家世不显（父、祖、曾祖皆无功名）的比例为：监生 75.4%、捐纳贡生 69.5%、考试贡生 61.2%、生员 60.9%、举人 53.3%、进士 38.6%，即捐纳功名者最可能出身不显，进士最不可能。,direct_3g_degree_count,exposure,tongnianchilu_qer,TESTABLE_WITH_ACCESS_REQUEST,父/祖/曾祖三代的功名记录（逐人可回源）,"tongnianchilu_qer: access_type=PUBLIC_UI_ONLY, bulk=False, api=False, kin_scope_grade=BROAD, kin_population_coverage=HIGH → TESTABLE_WITH_ACCESS_REQUEST"
C-098,LC-049,LIT-0017,家世不显（父、祖、曾祖皆无功名）的比例为：监生 75.4%、捐纳贡生 69.5%、考试贡生 61.2%、生员 60.9%、举人 53.3%、进士 38.6%，即捐纳功名者最可能出身不显，进士最不可能。,direct_3g_degree_count,exposure,mingjingtongpu_qer,TESTABLE_WITH_ACCESS_REQUEST,父/祖/曾祖三代的功名记录（逐人可回源）,"mingjingtongpu_qer: access_type=PUBLIC_UI_ONLY, bulk=False, api=False, kin_scope_grade=BROAD, kin_population_coverage=MEDIUM → TESTABLE_WITH_ACCESS_REQUEST"
C-099,LC-049,LIT-0017,家世不显（父、祖、曾祖皆无功名）的比例为：监生 75.4%、捐纳贡生 69.5%、考试贡生 61.2%、生员 60.9%、举人 53.3%、进士 38.6%，即捐纳功名者最可能出身不显，进士最不可能。,direct_3g_degree_count,exposure,tongguanlu,TESTABLE_WITH_ACCESS_REQUEST,父/祖/曾祖三代的功名记录（逐人可回源）,"tongguanlu: access_type=ACCESS_REQUEST_REQUIRED, bulk=False, api=False, kin_scope_grade=BROAD, kin_population_coverage=HIGH → TESTABLE_WITH_ACCESS_REQUEST"
C-100,LC-049,LIT-0017,家世不显（父、祖、曾祖皆无功名）的比例为：监生 75.4%、捐纳贡生 69.5%、考试贡生 61.2%、生员 60.9%、举人 53.3%、进士 38.6%，即捐纳功名者最可能出身不显，进士最不可能。,direct_3g_degree_count,exposure,zhujuan,TESTABLE_WITH_ACCESS_REQUEST,父/祖/曾祖三代的功名记录（逐人可回源）,"zhujuan: access_type=ACCESS_REQUEST_REQUIRED, bulk=False, api=False, kin_scope_grade=BROAD, kin_population_coverage=MEDIUM → TESTABLE_WITH_ACCESS_REQUEST"
C-101,LC-049,LIT-0017,家世不显（父、祖、曾祖皆无功名）的比例为：监生 75.4%、捐纳贡生 69.5%、考试贡生 61.2%、生员 60.9%、举人 53.3%、进士 38.6%，即捐纳功名者最可能出身不显，进士最不可能。,direct_3g_degree_count,exposure,cbdb,NOT_TESTABLE_IN_V03,父/祖/曾祖三代的功名记录（逐人可回源）,"cbdb: access_type=PUBLIC_STRUCTURED, bulk=True, api=True, kin_scope_grade=PARTIAL, kin_population_coverage=LOW → NOT_TESTABLE_IN_V03"
C-102,LC-050,LIT-0017,进士中有近四分之一（23.9%）的父、祖、曾祖三代皆有功名，而监生仅 8.5%。,direct_3g_degree_count,exposure,tongnianchilu_qer,TESTABLE_WITH_ACCESS_REQUEST,父/祖/曾祖三代的功名记录（逐人可回源）,"tongnianchilu_qer: access_type=PUBLIC_UI_ONLY, bulk=False, api=False, kin_scope_grade=BROAD, kin_population_coverage=HIGH → TESTABLE_WITH_ACCESS_REQUEST"
C-103,LC-050,LIT-0017,进士中有近四分之一（23.9%）的父、祖、曾祖三代皆有功名，而监生仅 8.5%。,direct_3g_degree_count,exposure,mingjingtongpu_qer,TESTABLE_WITH_ACCESS_REQUEST,父/祖/曾祖三代的功名记录（逐人可回源）,"mingjingtongpu_qer: access_type=PUBLIC_UI_ONLY, bulk=False, api=False, kin_scope_grade=BROAD, kin_population_coverage=MEDIUM → TESTABLE_WITH_ACCESS_REQUEST"
C-104,LC-050,LIT-0017,进士中有近四分之一（23.9%）的父、祖、曾祖三代皆有功名，而监生仅 8.5%。,direct_3g_degree_count,exposure,tongguanlu,TESTABLE_WITH_ACCESS_REQUEST,父/祖/曾祖三代的功名记录（逐人可回源）,"tongguanlu: access_type=ACCESS_REQUEST_REQUIRED, bulk=False, api=False, kin_scope_grade=BROAD, kin_population_coverage=HIGH → TESTABLE_WITH_ACCESS_REQUEST"
C-105,LC-050,LIT-0017,进士中有近四分之一（23.9%）的父、祖、曾祖三代皆有功名，而监生仅 8.5%。,direct_3g_degree_count,exposure,zhujuan,TESTABLE_WITH_ACCESS_REQUEST,父/祖/曾祖三代的功名记录（逐人可回源）,"zhujuan: access_type=ACCESS_REQUEST_REQUIRED, bulk=False, api=False, kin_scope_grade=BROAD, kin_population_coverage=MEDIUM → TESTABLE_WITH_ACCESS_REQUEST"
C-106,LC-050,LIT-0017,进士中有近四分之一（23.9%）的父、祖、曾祖三代皆有功名，而监生仅 8.5%。,direct_3g_degree_count,exposure,cbdb,NOT_TESTABLE_IN_V03,父/祖/曾祖三代的功名记录（逐人可回源）,"cbdb: access_type=PUBLIC_STRUCTURED, bulk=True, api=True, kin_scope_grade=PARTIAL, kin_population_coverage=LOW → NOT_TESTABLE_IN_V03"
C-107,LC-053,LIT-0018,该研究通过考察清代旗人与汉人的流动模式，揭示制度性隔离在塑造精英家族长期再生产中的关键作用。,direct_elite_generations,exposure,tongnianchilu_qer,TESTABLE_WITH_ACCESS_REQUEST,三代各自的功名或任官二值,"tongnianchilu_qer: access_type=PUBLIC_UI_ONLY, bulk=False, api=False, kin_scope_grade=BROAD, kin_population_coverage=HIGH → TESTABLE_WITH_ACCESS_REQUEST"
C-108,LC-053,LIT-0018,该研究通过考察清代旗人与汉人的流动模式，揭示制度性隔离在塑造精英家族长期再生产中的关键作用。,direct_elite_generations,exposure,mingjingtongpu_qer,TESTABLE_WITH_ACCESS_REQUEST,三代各自的功名或任官二值,"mingjingtongpu_qer: access_type=PUBLIC_UI_ONLY, bulk=False, api=False, kin_scope_grade=BROAD, kin_population_coverage=MEDIUM → TESTABLE_WITH_ACCESS_REQUEST"
C-109,LC-053,LIT-0018,该研究通过考察清代旗人与汉人的流动模式，揭示制度性隔离在塑造精英家族长期再生产中的关键作用。,direct_elite_generations,exposure,tongguanlu,TESTABLE_WITH_ACCESS_REQUEST,三代各自的功名或任官二值,"tongguanlu: access_type=ACCESS_REQUEST_REQUIRED, bulk=False, api=False, kin_scope_grade=BROAD, kin_population_coverage=HIGH → TESTABLE_WITH_ACCESS_REQUEST"
C-110,LC-053,LIT-0018,该研究通过考察清代旗人与汉人的流动模式，揭示制度性隔离在塑造精英家族长期再生产中的关键作用。,direct_elite_generations,exposure,cbdb,NOT_TESTABLE_IN_V03,三代各自的功名或任官二值,"cbdb: access_type=PUBLIC_STRUCTURED, bulk=True, api=True, kin_scope_grade=PARTIAL, kin_population_coverage=LOW → NOT_TESTABLE_IN_V03"
C-111,LC-054,LIT-0018,清廷通过优待旗人的政策，使旗人较高的社会地位得以跨代长期维持。,direct_elite_generations,exposure,tongnianchilu_qer,TESTABLE_WITH_ACCESS_REQUEST,三代各自的功名或任官二值,"tongnianchilu_qer: access_type=PUBLIC_UI_ONLY, bulk=False, api=False, kin_scope_grade=BROAD, kin_population_coverage=HIGH → TESTABLE_WITH_ACCESS_REQUEST"
C-112,LC-054,LIT-0018,清廷通过优待旗人的政策，使旗人较高的社会地位得以跨代长期维持。,direct_elite_generations,exposure,mingjingtongpu_qer,TESTABLE_WITH_ACCESS_REQUEST,三代各自的功名或任官二值,"mingjingtongpu_qer: access_type=PUBLIC_UI_ONLY, bulk=False, api=False, kin_scope_grade=BROAD, kin_population_coverage=MEDIUM → TESTABLE_WITH_ACCESS_REQUEST"
C-113,LC-054,LIT-0018,清廷通过优待旗人的政策，使旗人较高的社会地位得以跨代长期维持。,direct_elite_generations,exposure,tongguanlu,TESTABLE_WITH_ACCESS_REQUEST,三代各自的功名或任官二值,"tongguanlu: access_type=ACCESS_REQUEST_REQUIRED, bulk=False, api=False, kin_scope_grade=BROAD, kin_population_coverage=HIGH → TESTABLE_WITH_ACCESS_REQUEST"
C-114,LC-054,LIT-0018,清廷通过优待旗人的政策，使旗人较高的社会地位得以跨代长期维持。,direct_elite_generations,exposure,cbdb,NOT_TESTABLE_IN_V03,三代各自的功名或任官二值,"cbdb: access_type=PUBLIC_STRUCTURED, bulk=True, api=True, kin_scope_grade=PARTIAL, kin_population_coverage=LOW → NOT_TESTABLE_IN_V03"
C-115,LC-055,LIT-0018,与汉人相比，旗人表现出更低的多代流动水平，作者将这一差异归因于旗人在获得与保持高社会地位方面所获的制度优势。,direct_elite_generations,exposure,tongnianchilu_qer,TESTABLE_WITH_ACCESS_REQUEST,三代各自的功名或任官二值,"tongnianchilu_qer: access_type=PUBLIC_UI_ONLY, bulk=False, api=False, kin_scope_grade=BROAD, kin_population_coverage=HIGH → TESTABLE_WITH_ACCESS_REQUEST"
C-116,LC-055,LIT-0018,与汉人相比，旗人表现出更低的多代流动水平，作者将这一差异归因于旗人在获得与保持高社会地位方面所获的制度优势。,direct_elite_generations,exposure,mingjingtongpu_qer,TESTABLE_WITH_ACCESS_REQUEST,三代各自的功名或任官二值,"mingjingtongpu_qer: access_type=PUBLIC_UI_ONLY, bulk=False, api=False, kin_scope_grade=BROAD, kin_population_coverage=MEDIUM → TESTABLE_WITH_ACCESS_REQUEST"
C-117,LC-055,LIT-0018,与汉人相比，旗人表现出更低的多代流动水平，作者将这一差异归因于旗人在获得与保持高社会地位方面所获的制度优势。,direct_elite_generations,exposure,tongguanlu,TESTABLE_WITH_ACCESS_REQUEST,三代各自的功名或任官二值,"tongguanlu: access_type=ACCESS_REQUEST_REQUIRED, bulk=False, api=False, kin_scope_grade=BROAD, kin_population_coverage=HIGH → TESTABLE_WITH_ACCESS_REQUEST"
C-118,LC-055,LIT-0018,与汉人相比，旗人表现出更低的多代流动水平，作者将这一差异归因于旗人在获得与保持高社会地位方面所获的制度优势。,direct_elite_generations,exposure,cbdb,NOT_TESTABLE_IN_V03,三代各自的功名或任官二值,"cbdb: access_type=PUBLIC_STRUCTURED, bulk=True, api=True, kin_scope_grade=PARTIAL, kin_population_coverage=LOW → NOT_TESTABLE_IN_V03"
C-119,LC-061,LIT-0023,研究者正在考察跨多代际的经济与地理流动，并涉足许多新主题。,direct_elite_generations,exposure,tongnianchilu_qer,TESTABLE_WITH_ACCESS_REQUEST,三代各自的功名或任官二值,"tongnianchilu_qer: access_type=PUBLIC_UI_ONLY, bulk=False, api=False, kin_scope_grade=BROAD, kin_population_coverage=HIGH → TESTABLE_WITH_ACCESS_REQUEST"
C-120,LC-061,LIT-0023,研究者正在考察跨多代际的经济与地理流动，并涉足许多新主题。,direct_elite_generations,exposure,mingjingtongpu_qer,TESTABLE_WITH_ACCESS_REQUEST,三代各自的功名或任官二值,"mingjingtongpu_qer: access_type=PUBLIC_UI_ONLY, bulk=False, api=False, kin_scope_grade=BROAD, kin_population_coverage=MEDIUM → TESTABLE_WITH_ACCESS_REQUEST"
C-121,LC-061,LIT-0023,研究者正在考察跨多代际的经济与地理流动，并涉足许多新主题。,direct_elite_generations,exposure,tongguanlu,TESTABLE_WITH_ACCESS_REQUEST,三代各自的功名或任官二值,"tongguanlu: access_type=ACCESS_REQUEST_REQUIRED, bulk=False, api=False, kin_scope_grade=BROAD, kin_population_coverage=HIGH → TESTABLE_WITH_ACCESS_REQUEST"
C-122,LC-061,LIT-0023,研究者正在考察跨多代际的经济与地理流动，并涉足许多新主题。,direct_elite_generations,exposure,cbdb,NOT_TESTABLE_IN_V03,三代各自的功名或任官二值,"cbdb: access_type=PUBLIC_STRUCTURED, bulk=True, api=True, kin_scope_grade=PARTIAL, kin_population_coverage=LOW → NOT_TESTABLE_IN_V03"
