highest_tier,indicator,n,n_yes,pct,ci_low,ci_high,n_na_excluded,tier_group,cohort,banner_group,jiangnan_core
A1,ancestor_official_any,48,23,47.92,34.47,61.67,39290,,,,
A2,ancestor_official_any,7,4,57.14,25.05,84.18,39290,,,,
A3,ancestor_official_any,7,3,42.86,15.82,74.95,39290,,,,
B,ancestor_official_any,171,46,26.9,20.82,34.0,39290,,,,
C,ancestor_official_any,94,29,30.85,22.42,40.79,39290,,,,
D,ancestor_official_any,371,206,55.53,50.44,60.5,39290,,,,
A1,ancestor_degree_any,48,21,43.75,30.7,57.73,39290,,,,
A2,ancestor_degree_any,7,3,42.86,15.82,74.95,39290,,,,
A3,ancestor_degree_any,7,3,42.86,15.82,74.95,39290,,,,
B,ancestor_degree_any,171,43,25.15,19.24,32.15,39290,,,,
C,ancestor_degree_any,94,12,12.77,7.46,21.0,39290,,,,
D,ancestor_degree_any,371,196,52.83,47.75,57.85,39290,,,,
A1,ancestor_high_official,23,10,43.48,25.63,63.19,39677,,,,
A2,ancestor_high_official,4,1,25.0,4.56,69.94,39677,,,,
A3,ancestor_high_official,3,1,33.33,6.15,79.23,39677,,,,
B,ancestor_high_official,46,19,41.3,28.29,55.66,39677,,,,
C,ancestor_high_official,29,14,48.28,31.39,65.57,39677,,,,
D,ancestor_high_official,206,41,19.9,15.02,25.88,39677,,,,
A1,strict_commoner_3g,6,5,83.33,43.65,96.99,39926,,,,
A2,strict_commoner_3g,1,1,100.0,20.65,100.0,39926,,,,
A3,strict_commoner_3g,2,2,100.0,34.24,100.0,39926,,,,
B,strict_commoner_3g,24,21,87.5,69.0,95.66,39926,,,,
C,strict_commoner_3g,15,12,80.0,54.81,92.95,39926,,,,
D,strict_commoner_3g,14,10,71.43,45.35,88.28,39926,,,,
,ancestor_official_any,14,7,50.0,26.8,73.2,39290,A,1644-1700,,
,ancestor_official_any,21,13,61.9,40.88,79.25,39290,A,1701-1760,,
,ancestor_official_any,11,6,54.55,28.01,78.73,39290,A,1761-1820,,
,ancestor_official_any,16,4,25.0,10.18,49.5,39290,A,,,
,ancestor_official_any,30,12,40.0,24.59,57.68,39290,B,1644-1700,,
,ancestor_official_any,43,16,37.21,24.38,52.14,39290,B,1701-1760,,
,ancestor_official_any,57,11,19.3,11.13,31.34,39290,B,1761-1820,,
,ancestor_official_any,41,7,17.07,8.53,31.26,39290,B,,,
,ancestor_official_any,9,2,22.22,6.32,54.74,39290,C,1644-1700,,
,ancestor_official_any,22,8,36.36,19.73,57.05,39290,C,1701-1760,,
,ancestor_official_any,28,5,17.86,7.88,35.59,39290,C,1761-1820,,
,ancestor_official_any,35,14,40.0,25.55,56.43,39290,C,,,
,ancestor_official_any,64,33,51.56,39.58,63.37,39290,D,1701-1760,,
,ancestor_official_any,307,173,56.35,50.76,61.79,39290,D,1761-1820,,
,ancestor_official_any,1,0,0.0,0.0,79.35,39290,,,banner_unspecified,
,ancestor_official_any,24,20,83.33,64.15,93.32,39290,,,bannerman_ethnicity_unknown,
,ancestor_official_any,1,0,0.0,0.0,79.35,39290,,,booi_bannerman,
,ancestor_official_any,13,6,46.15,23.21,70.86,39290,,,han_bannerman,
,ancestor_official_any,47,5,10.64,4.63,22.59,39290,,,manchu_banner,
,ancestor_official_any,2,0,0.0,0.0,65.76,39290,,,mongol_banner,
,ancestor_official_any,610,280,45.9,41.99,49.87,39290,,,unknown,
,ancestor_official_any,383,170,44.39,39.49,49.39,39290,,,,False
,ancestor_official_any,315,141,44.76,39.37,50.28,39290,,,,True
A1,ancestor_high_official,23,10,43.48,25.63,63.19,39677,,,,
A2,ancestor_high_official,4,1,25.0,4.56,69.94,39677,,,,
A3,ancestor_high_official,3,1,33.33,6.15,79.23,39677,,,,
B,ancestor_high_official,46,19,41.3,28.29,55.66,39677,,,,
C,ancestor_high_official,29,14,48.28,31.39,65.57,39677,,,,
D,ancestor_high_official,206,41,19.9,15.02,25.88,39677,,,,
