tier,ancestor_slot,n_persons,n_known,known_pct,known_with_degree_pct,known_with_office_pct,known_with_native_place_pct,known_with_birth_year_pct
A1,father,92,31,33.7,45.16,35.48,64.52,45.16
A1,grandfather,92,18,19.57,27.78,22.22,38.89,27.78
A1,great_grandfather,92,12,13.04,0.0,0.0,0.0,0.0
A2,father,11,8,72.73,37.5,62.5,87.5,37.5
A2,grandfather,11,3,27.27,0.0,0.0,33.33,0.0
A2,great_grandfather,11,2,18.18,0.0,0.0,50.0,0.0
A3,father,21,12,57.14,41.67,41.67,75.0,41.67
A3,grandfather,21,5,23.81,0.0,0.0,20.0,20.0
A3,great_grandfather,21,5,23.81,0.0,0.0,0.0,0.0
B,father,672,158,23.51,30.38,25.95,46.84,25.32
B,grandfather,672,85,12.65,18.82,16.47,27.06,12.94
B,great_grandfather,672,53,7.89,7.55,7.55,9.43,3.77
C,father,519,83,15.99,19.28,19.28,33.73,10.84
C,grandfather,519,63,12.14,11.11,12.7,12.7,4.76
C,great_grandfather,519,46,8.86,10.87,10.87,6.52,6.52
D,father,38854,294,0.76,51.7,48.98,77.89,41.84
D,grandfather,38854,104,0.27,48.08,47.12,63.46,38.46
D,great_grandfather,38854,49,0.13,20.41,24.49,26.53,14.29
