entry_code,entry_desc_chn,degree,rank
-1,[Missing Data],unknown,0
0,未知,unknown,0
1,前帝遜位,unknown,0
4,臨時保留，待考。,unknown,0
5,胥吏出職,unknown,0
7,進納補官(捐授),其他入仕,1
8,恩蔭: 大禮蔭補,unknown,0
12,廢前帝自立,unknown,0
13,畫院待詔,unknown,0
14,徵辟,unknown,0
15,募入軍伍,unknown,0
16,待刪除(内容多種，未知所屬，故臨時保留)。,unknown,0
20,開國君主,unknown,0
21,封土建藩(始封),unknown,0
22,貢生: 恩貢,貢生,4
24,冊封爲妃嬪,unknown,0
26,科舉 (籠統),unknown,0
27,科舉制舉: 童子舉,unknown,0
28,科舉: 制舉 (籠統),unknown,0
29,科舉: 特奏名進士、特奏名諸科 、大挑,進士,6
32,科舉: 舉制科不第,unknown,0
33,科舉: 舉進士、諸科不第,進士,6
34,科舉: 漕試舉人,舉人,5
36,科舉: 進士(籠統),進士,6
37,科舉: 進士(八行科),進士,6
39,科舉: 鄉貢舉人,舉人,5
42,科舉: 明法,unknown,0
43,科舉: 醫科,unknown,0
44,科舉: 武舉進士,武科,7
46,科舉: 武舉人,武科,7
47,學校: 生員(庠生),生員,2
48,科舉: 正奏名諸科(不含明經、明法),unknown,0
50,學校: 上舍及第,unknown,0
52,科舉制舉: 秀才(宋及以前),生員,2
54,科舉學校: 恩賜出身、特賜出身等,unknown,0
57,以耆行等賜爵,unknown,0
59,恩蔭: 遺表蔭補,unknown,0
60,恩蔭: 致仕蔭補,unknown,0
62,恩蔭: 死事蔭補,unknown,0
64,世襲(替),其他入仕,1
69,冊封爲皇后,unknown,0
70,立儲,unknown,0
72,其他與皇室聯姻關係,unknown,0
73,尚宗女 = 駙馬,unknown,0
74,宗子該恩,unknown,0
77,軍員轉補,unknown,0
78,學校: 武學博士,unknown,0
80,歸明歸正補官,unknown,0
83,以文學、文藝補官,unknown,0
90,得度,unknown,0
91,軍功補官,其他入仕,1
92,割據自立,unknown,0
94,封贈,unknown,0
96,上書獻頌,unknown,0
101,"薦舉 (保任,保舉)",unknown,0
105,納土授官,unknown,0
107,辟爲幕僚,unknown,0
109,"貢生 = 貢監生(籠統) (明清賓貢,功貢)",貢生,4
110,監生(籠統),監生,3
111,貢生: 歲貢、常貢、挨貢,貢生,4
112,繼位,unknown,0
113,弑君自立,unknown,0
114,易代變節,unknown,0
116,以方技進,unknown,0
118,恩蔭、蔭補(籠統),unknown,0
124,科舉: 國子監進士,進士,6
130,科舉: 詞科,unknown,0
132,雜色補授 (籠統),unknown,0
135,攝官轉正,unknown,0
137,特賜補官、准赦文除授等,unknown,0
138,恩蔭: 聖節蔭補,unknown,0
139,軍功補授(籠統)(軍功),其他入仕,1
140,揀汰軍人補授,unknown,0
141,招降補官,unknown,0
142,保甲補官,unknown,0
143,借補入官,unknown,0
144,宗室女夫曾得解者,unknown,0
145,戚里女夫及捧香,unknown,0
146,異姓恩澤,unknown,0
147,陣亡人女夫,unknown,0
149,隨奉使補官,unknown,0
150,吏人特恩減年,unknown,0
152,貢生: 拔貢,貢生,4
153,貢生: 選貢(優貢 after 1628),貢生,4
154,貢生: 副貢,貢生,4
155,"貢生: 納貢(例貢,增貢,捐貢)",貢生,4
156,監生: 舉監,監生,3
157,監生: 蔭監(含明代官生、恩生，或清代恩廕生、難廕生),監生,3
158,監生: 例監(附監生),監生,3
159,監生: 恩監,監生,3
160,監生: 優監,監生,3
161,科舉: 明經,unknown,0
162,賜師號,unknown,0
163,其他蔭補(確定非聖節、大禮、致仕、遺表、死事蔭補),unknown,0
164,其他,unknown,0
166,書藝補官,unknown,0
168,科舉: 四川類省試,unknown,0
169,太學生,unknown,0
170,科舉: 明通榜,unknown,0
171,縣學附生,生員,2
172,官學生,unknown,0
173,縣學生員,生員,2
174,恩科孝廉,unknown,0
175,以優行貢太學,unknown,0
176,副貢生,貢生,4
177,附貢生,貢生,4
178,副車,unknown,0
179,恩科鄉試舉人,舉人,5
180,廩生,生員,2
181,領催,unknown,0
182,廩貢生,貢生,4
183,廩監生,監生,3
184,附生,生員,2
185,欽賜舉人,舉人,5
186,繙譯舉人,舉人,5
187,繙譯進士,進士,6
188,副榜,貢生,4
189,二品廕生,監生,3
190,挑補拜唐阿,unknown,0
191,增廣生; 增廣生員,生員,2
192,文生員,生員,2
193,武生員,生員,2
194,宗室,unknown,0
195,覺羅,unknown,0
196,義學生,unknown,0
197,一品廕生,監生,3
198,三品廕生,監生,3
199,優貢生,貢生,4
200,馬甲,unknown,0
201,護軍,unknown,0
202,前鋒,unknown,0
203,外戚,unknown,0
204,外藩蒙古王公,unknown,0
205,披甲,unknown,0
206,民人,unknown,0
207,布衣,unknown,0
208,幼丁,unknown,0
209,親軍,unknown,0
210,鄉勇,unknown,0
211,筆帖式,unknown,0
212,俊秀,unknown,0
213,外國大學生,unknown,0
214,樂舞生;佾生,unknown,0
215,內閣中書,unknown,0
216,書院,unknown,0
217,專門學校,unknown,0
218,閑散,unknown,0
219,大考翰詹,unknown,0
220,考取教習,unknown,0
221,清朝: 考取官位,unknown,0
222,經濟特科,unknown,0
223,宗教: 受洗,unknown,0
224,宗教: 做喇嘛,unknown,0
225,"以茂才,才行,武功,廉仁等科舉/授官 （非制科）",unknown,0
226,科舉制舉: 博學鴻詞/博學宏詞科,unknown,0
227,科舉制舉: 下筆成章科,unknown,0
228,科舉制舉: 八科,unknown,0
229,吏部試 (隋唐),unknown,0
230,科舉制舉: 大禮科,unknown,0
231,科舉制舉: 孝廉,unknown,0
232,科舉: 宏詞科,unknown,0
233,科舉制舉: 射策,unknown,0
234,科舉制舉: 幽素科,unknown,0
235,科舉制舉: 手筆俊拔科,unknown,0
236,科舉制舉: 手筆俊拔超越流輩科,unknown,0
237,科舉制舉: 才識兼茂明於體用科,unknown,0
238,科舉制舉: 文辭清麗科,unknown,0
239,科舉制舉: 文辭雅麗科,unknown,0
240,科舉: 拔萃科；書判拔萃科,unknown,0
241,科舉制舉: 直言極諫科,unknown,0
242,科舉制舉: 絕倫科,unknown,0
243,科舉制舉: 臨難不顧徇節寧邦科,unknown,0
244,科舉制舉: 茂才異等科,unknown,0
245,科舉制舉: 茂才異行科,unknown,0
246,科舉制舉: 萬言科,unknown,0
247,科舉制舉: 藻思清華科,unknown,0
248,科舉制舉: 賢良方正科,unknown,0
249,科舉制舉: 賢良方正能直言極諫科,unknown,0
250,科舉制舉: 超拔群類科,unknown,0
251,科舉制舉: 軍謀越衆科,unknown,0
252,科舉: 開元禮科,unknown,0
253,科舉: 三史,unknown,0
254,科舉: 九經,unknown,0
255,科舉: 五經,unknown,0
256,科舉制舉: 通五經科,unknown,0
257,科舉制舉: 五經秀才科,生員,2
258,科舉制舉: 博學三史科,unknown,0
259,科舉制舉: 博通墳典科,unknown,0
260,科舉制舉: 博通墳典達於教化科,unknown,0
261,科舉制舉: 博通文詞科,unknown,0
262,科舉制舉: 哲人奇士科,unknown,0
263,科舉制舉: 四子科,unknown,0
264,科舉制舉: 天下奇佚科,unknown,0
265,科舉制舉: 孝悌廉潔科,unknown,0
266,科舉制舉: 孝悌廉讓科,unknown,0
267,科舉: 學究科,unknown,0
268,科舉制舉: 平判入等,unknown,0
269,科舉制舉: 廉科,unknown,0
270,科舉制舉: 志烈秋霜科,unknown,0
271,科舉制舉: 才可宰百里科,unknown,0
272,科舉制舉: 才膺管樂科,unknown,0
273,科舉制舉: 才高未達沈跡下僚科,unknown,0
274,科舉制舉: 文以經國科,unknown,0
275,科舉制舉: 文可以經邦科,unknown,0
276,科舉制舉: 文壇詞場科,unknown,0
277,科舉制舉: 文學優贍科,unknown,0
278,科舉制舉: 文藝優長科,unknown,0
279,科舉制舉: 文藻宏麗科,unknown,0
280,科舉制舉: 文藻流譽科,unknown,0
281,科舉制舉: 文詞秀逸科,unknown,0
282,科舉制舉: 明兩經,unknown,0
283,科舉制舉: 明於政理科,unknown,0
284,科舉制舉: 智謀將帥科,unknown,0
285,科舉制舉: 經學優深科,unknown,0
286,科舉制舉: 有道科,unknown,0
287,科舉制舉: 材堪經邦科,unknown,0
288,科舉制舉: 武舉科,武科,7
289,科舉制舉: 武足安邊科,unknown,0
290,科舉制舉: 洞曉玄經科,unknown,0
291,科舉制舉: 清廉守節政術可稱堪縣令科,unknown,0
292,科舉制舉: 牧宰科,unknown,0
293,科舉制舉: 百篇,unknown,0
294,科舉制舉: 良才異等科,unknown,0
295,科舉制舉: 英才傑出業奥大經科,unknown,0
296,科舉制舉: 英材傑出科,unknown,0
297,科舉制舉: 藏器下僚科,unknown,0
298,科舉制舉: 詞擅文場科,unknown,0
299,科舉制舉: 詞藻宏麗制舉,unknown,0
300,科舉制舉: 詳明政術可以理人科,unknown,0
301,科舉制舉: 諷諫主文科,unknown,0
302,科舉制舉: 辭殫文律科,unknown,0
303,科舉制舉: 道侔伊呂科,unknown,0
304,科舉制舉: 隠居丘園不求聞達科,unknown,0
305,科舉制舉: 韜晦賢才,unknown,0
306,科舉制舉: 風雅古調科,unknown,0
307,科舉制舉: 高才沈淪草澤自舉科,unknown,0
308,科舉制舉: 拔萃出類科,unknown,0
309,科舉制舉: 軍謀宏遠科,unknown,0
310,科舉制舉: 舉或詔,unknown,0
311,科舉: 考上會試/貢士,unknown,0
312,行伍,其他入仕,1
313,武童,unknown,0
314,文童/儒童,unknown,0
315,博學鴻儒,unknown,0
316,皇子/親王,unknown,0
317,五品廕生,監生,3
318,六品廕生,監生,3
319,舉為孝廉方正,unknown,0
320,州、府學生,生員,2
321,出身軍職,unknown,0
322,內務府 （清朝）,unknown,0
323,於國內公立私立大學就學、畢業,unknown,0
324,庠生,生員,2
325,郡庠生,生員,2
326,邑庠生,生員,2
328,武貢士,unknown,0
329,策試,unknown,0
330,特恩保舉經學科,unknown,0
332,翻譯生員,生員,2
334,法政科進士,進士,6
335,奉祀生(祠生),unknown,0
336,鄉賓,unknown,0
337,大賓,unknown,0
339,介賓,unknown,0
340,宗室選試: 量試,unknown,0
341,宗室選試: 取應,unknown,0
342,賜名;賜名授官,unknown,0
343,詞學兼茂科,unknown,0
345,科舉: 中正榜,unknown,0
346,科舉：三傳,unknown,0
347,科舉: 宗室舉人(宗室鄉試),舉人,5
348,科舉: 宗室進士(宗室會試),進士,6
349,醫生/醫學生,unknown,0
