office_id,office_chn,office_dy,tier,canonical,institution,source
214,大學士,15,A1,大學士,內閣,include
70162,大學士,19,A1,大學士,內閣,include
80877,大學士,20,A1,大學士,內閣,include
84176,內閣大學士,20,A1,大學士,內閣,include
86121,協辦大學士,20,A1,協辦大學士,內閣,include
71523,中和殿大學士,19,A1,中和殿大學士,內閣,include
87549,中和殿大學士,20,A1,中和殿大學士,內閣,include
2238,保和殿大學士,15,A1,保和殿大學士,內閣,include
80203,保和殿大學士,20,A1,保和殿大學士,內閣,include
64735,文華殿大學士,18,A1,文華殿大學士,內閣,include
85668,文華殿大學士,20,A1,文華殿大學士,內閣,include
71070,武英殿大學士,19,A1,武英殿大學士,內閣,include
85882,武英殿大學士,20,A1,武英殿大學士,內閣,include
71047,文淵閣大學士,19,A1,文淵閣大學士,內閣,include
85714,文淵閣大學士,20,A1,文淵閣大學士,內閣,include
70181,東閣大學士,19,A1,東閣大學士,內閣,include
80984,東閣大學士,20,A1,東閣大學士,內閣,include
85419,體仁閣大學士,20,A1,體仁閣大學士,內閣,include
72663,建極殿大學士,19,A1,建極殿大學士,內閣,include
82414,宏文院大學士,20,A1,宏文院大學士,內閣,include
70379,國史院大學士,19,A1,國史院大學士,內閣,include
82206,國史院大學士,20,A1,國史院大學士,內閣,include
84072,秘書院大學士,20,A1,秘書院大學士,內閣,include
84235,內國史院大學士,20,A1,內國史院大學士,內閣,include
84268,內弘文院大學士,20,A1,內弘文院大學士,內閣,include
84286,內秘書院大學士,20,A1,內秘書院大學士,內閣,include
84240,內翰林國史院大學士,20,A1,內翰林國史院大學士,內閣,include
84248,內翰林弘文院大學士,20,A1,內翰林弘文院大學士,內閣,include
84256,內翰林秘書院大學士,20,A1,內翰林秘書院大學士,內閣,include
86333,刑部尚書協辦大學士,20,A1,協辦大學士,內閣,include
82540,戶部尚書協辦大學士,20,A1,協辦大學士,內閣,include
80392,兵部尚書協辦大學士,20,A1,協辦大學士,內閣,include
84149,南書房行走,20,A2,南書房行走,南書房,include
84635,入直南書房,20,A2,入直南書房,南書房,include
84637,入值南書房,20,A2,入值南書房,南書房,include
87493,直南書房,20,A2,直南書房,南書房,include
83226,軍機大臣,20,A3,軍機大臣,軍機處,include
83222,軍機處行走,20,A3,軍機處行走,軍機處,include
87511,值軍機處,20,A3,值軍機處,軍機處,include
83228,軍機大臣上行走,20,A3,軍機大臣上行走,軍機處,include
83227,軍機大臣內廷行走,20,A3,軍機大臣內廷行走,軍機處,include
87962,左都御史在軍機大臣上行走,20,A3,左都御史在軍機大臣上行走,軍機處,include
86540,巡訪事宜軍機大臣,20,A3,巡訪事宜軍機大臣,軍機處,include
83010,監理軍機,20,A3,監理軍機,軍機處,include
451,吏部尚書,15,B,吏部尚書,六部,include
10577,吏部尚書,6,B,吏部尚書,六部,include
61570,吏部尚書,18,B,吏部尚書,六部,include
70658,吏部尚書,19,B,吏部尚書,六部,include
83775,吏部尚書,20,B,吏部尚書,六部,include
300618,吏部尚書,17,B,吏部尚書,六部,include
10384,戶部尚書,6,B,戶部尚書,六部,include
61211,戶部尚書,18,B,戶部尚書,六部,include
70477,戶部尚書,19,B,戶部尚書,六部,include
82538,戶部尚書,20,B,戶部尚書,六部,include
300740,戶部尚書,17,B,戶部尚書,六部,include
434,禮部尚書,15,B,禮部尚書,六部,include
10570,禮部尚書,6,B,禮部尚書,六部,include
61551,禮部尚書,18,B,禮部尚書,六部,include
70625,禮部尚書,19,B,禮部尚書,六部,include
83698,禮部尚書,20,B,禮部尚書,六部,include
301129,禮部尚書,17,B,禮部尚書,六部,include
142,兵部尚書,15,B,兵部尚書,六部,include
3771,兵部尚書,15,B,兵部尚書,六部,include
3842,兵部尚書,15,B,兵部尚書,六部,include
10027,兵部尚書,6,B,兵部尚書,六部,include
60082,兵部尚書,18,B,兵部尚書,六部,include
70038,兵部尚書,19,B,兵部尚書,六部,include
80389,兵部尚書,20,B,兵部尚書,六部,include
300002,兵部尚書,17,B,兵部尚書,六部,include
11118,刑部尚書,6,B,刑部尚書,六部,include
63100,刑部尚書,18,B,刑部尚書,六部,include
71140,刑部尚書,19,B,刑部尚書,六部,include
86331,刑部尚書,20,B,刑部尚書,六部,include
300269,刑部尚書,17,B,刑部尚書,六部,include
10277,工部尚書,6,B,工部尚書,六部,include
60837,工部尚書,18,B,工部尚書,六部,include
70335,工部尚書,19,B,工部尚書,六部,include
81729,工部尚書,20,B,工部尚書,六部,include
300286,工部尚書,17,B,工部尚書,六部,include
554,尚書,15,B,尚書,六部,include
6649,尚書,15,B,尚書,六部,include
10747,尚書,6,B,尚書,六部,include
62334,尚書,18,B,尚書,六部,include
70804,尚書,19,B,尚書,六部,include
84809,尚書,20,B,尚書,六部,include
803283,尚書,1,B,尚書,六部,include
452,吏部侍郎,15,B,吏部侍郎,六部,include
10578,吏部侍郎,6,B,吏部侍郎,六部,include
61571,吏部侍郎,18,B,吏部侍郎,六部,include
70659,吏部侍郎,19,B,吏部侍郎,六部,include
83778,吏部侍郎,20,B,吏部侍郎,六部,include
300629,吏部侍郎,17,B,吏部侍郎,六部,include
70671,吏部左侍郎,19,B,吏部左侍郎,六部,include
83815,吏部左侍郎,20,B,吏部左侍郎,六部,include
70669,吏部右侍郎,19,B,吏部右侍郎,六部,include
83806,吏部右侍郎,20,B,吏部右侍郎,六部,include
10385,戶部侍郎,6,B,戶部侍郎,六部,include
61212,戶部侍郎,18,B,戶部侍郎,六部,include
70478,戶部侍郎,19,B,戶部侍郎,六部,include
82541,戶部侍郎,20,B,戶部侍郎,六部,include
300751,戶部侍郎,17,B,戶部侍郎,六部,include
70490,戶部左侍郎,19,B,戶部左侍郎,六部,include
82599,戶部左侍郎,20,B,戶部左侍郎,六部,include
70483,戶部右侍郎,19,B,戶部右侍郎,六部,include
82574,戶部右侍郎,20,B,戶部右侍郎,六部,include
437,禮部侍郎,15,B,禮部侍郎,六部,include
10571,禮部侍郎,6,B,禮部侍郎,六部,include
61552,禮部侍郎,18,B,禮部侍郎,六部,include
70627,禮部侍郎,19,B,禮部侍郎,六部,include
83700,禮部侍郎,20,B,禮部侍郎,六部,include
83702,禮部侍郎,20,B,禮部侍郎,六部,include
301140,禮部侍郎,17,B,禮部侍郎,六部,include
70640,禮部左侍郎,19,B,禮部左侍郎,六部,include
83734,禮部左侍郎,20,B,禮部左侍郎,六部,include
70633,禮部右侍郎,19,B,禮部右侍郎,六部,include
83719,禮部右侍郎,20,B,禮部右侍郎,六部,include
10028,兵部侍郎,6,B,兵部侍郎,六部,include
60083,兵部侍郎,18,B,兵部侍郎,六部,include
70039,兵部侍郎,19,B,兵部侍郎,六部,include
80394,兵部侍郎,20,B,兵部侍郎,六部,include
300013,兵部侍郎,17,B,兵部侍郎,六部,include
70057,兵部左侍郎,19,B,兵部左侍郎,六部,include
80430,兵部左侍郎,20,B,兵部左侍郎,六部,include
64383,兵部右侍郎,18,B,兵部右侍郎,六部,include
70051,兵部右侍郎,19,B,兵部右侍郎,六部,include
80414,兵部右侍郎,20,B,兵部右侍郎,六部,include
2527,刑部侍郎,15,B,刑部侍郎,六部,include
11119,刑部侍郎,6,B,刑部侍郎,六部,include
63101,刑部侍郎,18,B,刑部侍郎,六部,include
71141,刑部侍郎,19,B,刑部侍郎,六部,include
72745,刑部侍郎,19,B,刑部侍郎,六部,include
86334,刑部侍郎,20,B,刑部侍郎,六部,include
300270,刑部侍郎,17,B,刑部侍郎,六部,include
71157,刑部左侍郎,19,B,刑部左侍郎,六部,include
86391,刑部左侍郎,20,B,刑部左侍郎,六部,include
71149,刑部右侍郎,19,B,刑部右侍郎,六部,include
86363,刑部右侍郎,20,B,刑部右侍郎,六部,include
10278,工部侍郎,6,B,工部侍郎,六部,include
60838,工部侍郎,18,B,工部侍郎,六部,include
70336,工部侍郎,19,B,工部侍郎,六部,include
72744,工部侍郎,19,B,工部侍郎,六部,include
81732,工部侍郎,20,B,工部侍郎,六部,include
300287,工部侍郎,17,B,工部侍郎,六部,include
70352,工部左侍郎,19,B,工部左侍郎,六部,include
81781,工部左侍郎,20,B,工部左侍郎,六部,include
70344,工部右侍郎,19,B,工部右侍郎,六部,include
81760,工部右侍郎,20,B,工部右侍郎,六部,include
81763,工部右侍郎,20,B,工部右侍郎,六部,include
597,侍郎,15,B,侍郎,六部,include
10780,侍郎,6,B,侍郎,六部,include
62378,侍郎,18,B,侍郎,六部,include
72431,侍郎,19,B,侍郎,六部,include
84951,侍郎,20,B,侍郎,六部,include
71673,左侍郎,19,B,左侍郎,六部,include
87974,左侍郎,20,B,左侍郎,六部,include
80558,倉場侍郎,20,B,倉場侍郎,六部,include
81156,督捕侍郎,20,B,督捕侍郎,六部,include
80370,兵部督捕侍郎,20,B,兵部督捕侍郎,六部,include
71602,總督,19,C,總督,督撫,include
87796,總督,20,C,總督,督撫,include
84151,南總督,20,C,南總督,督撫,include
70422,河道總督,19,C,河道總督,督撫,include
82392,河道總督,20,C,河道總督,督撫,include
80574,漕運總督,20,C,漕運總督,督撫,include
71607,總督漕運,19,C,總督漕運,督撫,include
72753,總督粮儲,19,C,總督粮儲,督撫,include
71056,五省總督,19,C,五省總督,督撫,include
70775,三邊總督,19,C,三邊總督,督撫,include
84640,三邊總督,20,C,三邊總督,督撫,include
87804,總督兼管巡撫事,20,C,總督兼管巡撫事,督撫,include
63344,巡撫,18,C,巡撫,督撫,include
71302,巡撫,19,C,巡撫,督撫,include
86541,巡撫,20,C,巡撫,督撫,include
80391,兵部尚書銜,20,excluded,兵部尚書銜,honorary,exclude:honorary
86332,刑部尚書銜,20,excluded,刑部尚書銜,honorary,exclude:honorary
83776,吏部尚書銜,20,excluded,吏部尚書銜,honorary,exclude:honorary
82542,戶部侍郎銜,20,excluded,戶部侍郎銜,honorary,exclude:honorary
83701,禮部侍郎銜,20,excluded,禮部侍郎銜,honorary,exclude:honorary
80415,兵部右侍郎銜,20,excluded,兵部右侍郎銜,honorary,exclude:honorary
80395,兵部侍郎銜,20,excluded,兵部侍郎銜,honorary,exclude:honorary
84952,侍郎銜,20,excluded,侍郎銜,honorary,exclude:honorary
83924,陸軍部侍郎銜,20,excluded,陸軍部侍郎銜,honorary,exclude:honorary
80396,兵部侍郎右副都御史銜,20,excluded,兵部侍郎右副都御史銜,honorary,exclude:honorary
84818,尚書房行走,20,excluded,尚書房行走,other_institution,exclude:other_institution
84636,入直尚書房,20,excluded,入直尚書房,other_institution,exclude:other_institution
84211,內閣學士兼禮部侍郎銜,20,excluded,內閣學士兼禮部侍郎銜,other_institution,exclude:other_institution
84210,內閣學士兼禮部侍郎,20,excluded,內閣學士兼禮部侍郎,other_institution,exclude:other_institution
83633,理藩院尚書,20,excluded,理藩院尚書,other_institution,exclude:other_institution
83636,理藩院侍郎,20,excluded,理藩院侍郎,other_institution,exclude:other_institution
83649,理藩院左侍郎,20,excluded,理藩院左侍郎,other_institution,exclude:other_institution
85736,五部尚書,20,excluded,五部尚書,other_institution,exclude:other_institution
84991,守護昌陵尚書,20,excluded,守護昌陵尚書,other_institution,exclude:other_institution
83260,軍營糧餉侍郎,20,excluded,軍營糧餉侍郎,other_institution,exclude:other_institution
80883,大學士御前大臣,20,excluded,大學士御前大臣,other_institution,exclude:other_institution
84855,盛京刑部侍郎,20,excluded,盛京刑部侍郎,secondary_capital,exclude:secondary_capital
83923,陸軍部尚書,20,excluded,陸軍部尚書,out_of_window,exclude:out_of_window
83930,陸軍部左侍郎,20,excluded,陸軍部左侍郎,out_of_window,exclude:out_of_window
83928,陸軍部右侍郎,20,excluded,陸軍部右侍郎,out_of_window,exclude:out_of_window
84387,農工商部尚書,20,excluded,農工商部尚書,out_of_window,exclude:out_of_window
84757,商部尚書,20,excluded,商部尚書,out_of_window,exclude:out_of_window
84763,商部左侍郎,20,excluded,商部左侍郎,out_of_window,exclude:out_of_window
84760,商部右侍郎,20,excluded,商部右侍郎,out_of_window,exclude:out_of_window
85599,外務部尚書,20,excluded,外務部尚書,out_of_window,exclude:out_of_window
85611,外務部左侍郎,20,excluded,外務部左侍郎,out_of_window,exclude:out_of_window
85607,外務部右侍郎,20,excluded,外務部右侍郎,out_of_window,exclude:out_of_window
85600,外務部尚書會辦大臣,20,excluded,外務部尚書會辦大臣,out_of_window,exclude:out_of_window
83234,軍機章京,20,excluded,軍機章京,secretariat,exclude:secretariat
83237,軍機章京軍機處行走,20,excluded,軍機章京軍機處行走,secretariat,exclude:secretariat
84634,入直軍機章京,20,excluded,入直軍機章京,secretariat,exclude:secretariat
84219,內閣中書軍機處行走,20,excluded,內閣中書軍機處行走,secretariat,exclude:secretariat
83219,軍機處司員上行走,20,excluded,軍機處司員上行走,secretariat,exclude:secretariat
83233,軍機司員上行走,20,excluded,軍機司員上行走,secretariat,exclude:secretariat
87196,在軍機章京上行走,20,excluded,在軍機章京上行走,secretariat,exclude:secretariat
83232,軍機司員,20,excluded,軍機司員,secretariat,exclude:secretariat
83223,軍機處學習行走,20,excluded,軍機處學習行走,secretariat,exclude:secretariat
87193,在軍機處學習行走,20,excluded,在軍機處學習行走,secretariat,exclude:secretariat
83215,軍機處額外行走,20,excluded,軍機處額外行走,secretariat,exclude:secretariat
83224,軍機處章京,20,excluded,軍機處章京,secretariat,exclude:secretariat
83218,軍機處領班章京,20,excluded,軍機處領班章京,secretariat,exclude:secretariat
83217,軍機處領班行走,20,excluded,軍機處領班行走,secretariat,exclude:secretariat
83213,軍機幫領班章京,20,excluded,軍機幫領班章京,secretariat,exclude:secretariat
83214,軍機處幫領班章京,20,excluded,軍機處幫領班章京,secretariat,exclude:secretariat
83221,軍機處頭班領班章京,20,excluded,軍機處頭班領班章京,secretariat,exclude:secretariat
83220,軍機處頭班幫領班章京,20,excluded,軍機處頭班幫領班章京,secretariat,exclude:secretariat
83216,軍機處二班幫領班章京,20,excluded,軍機處二班幫領班章京,secretariat,exclude:secretariat
83229,軍機大臣上學習行走,20,excluded,軍機大臣上學習行走,secretariat,exclude:secretariat
83230,軍機大臣學習行走,20,excluded,軍機大臣學習行走,secretariat,exclude:secretariat
87195,在軍機司員行走,20,excluded,在軍機司員行走,secretariat,exclude:secretariat
87194,在軍機大臣行走,20,excluded,在軍機大臣行走,secretariat,exclude:secretariat
82634,花翎軍機處存記,20,excluded,花翎軍機處存記,secretariat,exclude:secretariat
71606,總督倉場,19,excluded,總督倉場,non_provincial,exclude:non_provincial
87798,總督倉場,20,excluded,總督倉場,non_provincial,exclude:non_provincial
80561,倉場總督,20,excluded,倉場總督,non_provincial,exclude:non_provincial
80575,漕運總督中軍副將,20,excluded,漕運總督中軍副將,non_provincial,exclude:non_provincial
80900,代辦巡撫行營中軍參將事務,20,excluded,代辦巡撫行營中軍參將事務,non_provincial,exclude:non_provincial
