kind,file,recorded_sha256,actual_sha256,match,recorded_rows,actual_rows
derived,data/processed/officials_master.parquet,d72d9ff2029cd867f214fdce59b9dc524e7a96845cb3c425783e2b0cb36640b3,d72d9ff2029cd867f214fdce59b9dc524e7a96845cb3c425783e2b0cb36640b3,True,39988.0,39988.0
derived,data/processed/appointments.parquet,93274ad37d3ded091fd0c45ac70c7a19fafb763e6b2a448c2c9e5f69ce7e9193,93274ad37d3ded091fd0c45ac70c7a19fafb763e6b2a448c2c9e5f69ce7e9193,True,56346.0,56346.0
derived,data/processed/family_structured.parquet,8c7edb8702317446fac4451a946c640b6dd07246c90231c861818433e67661d6,8c7edb8702317446fac4451a946c640b6dd07246c90231c861818433e67661d6,True,119964.0,119964.0
derived,data/processed/family_enriched.parquet,58b279b61a62c708c0793f671e90d21e69017f15de1cd470a6afeeccac0b92d2,58b279b61a62c708c0793f671e90d21e69017f15de1cd470a6afeeccac0b92d2,True,963.0,963.0
derived,data/processed/family_final.parquet,c419fa5d8c7df14f5b0cec746be6aeec9891dd0030091c6292fa5529e76f81b1,c419fa5d8c7df14f5b0cec746be6aeec9891dd0030091c6292fa5529e76f81b1,True,119964.0,119964.0
derived,data/processed/person_indicators.parquet,9e923d658e879a415c682dc132356cf77e58380633429d022a58fd59e009d5d8,9e923d658e879a415c682dc132356cf77e58380633429d022a58fd59e009d5d8,True,39988.0,39988.0
table,reports/final/tables/T1_coverage_by_tier.csv,6496d5e8450d2b146e985105f555895222fc463927bfa62fbcf207d4dff06d8a,6496d5e8450d2b146e985105f555895222fc463927bfa62fbcf207d4dff06d8a,True,6.0,6.0
table,reports/final/tables/T2_indicator_prevalence.csv,5b7ee5d73268248c73078888bfca8f2579c86b2ab43a301d5489fc3c0b99503b,5b7ee5d73268248c73078888bfca8f2579c86b2ab43a301d5489fc3c0b99503b,True,53.0,53.0
table,reports/final/tables/T3_elite_generations.csv,ca4370bcfbcc13acb4726a472d502d3830c44f7b8b436f2af290a7346c84640c,ca4370bcfbcc13acb4726a472d502d3830c44f7b8b436f2af290a7346c84640c,True,6.0,6.0
table,reports/final/tables/T4_na_accounting.csv,c96d18f50d6deeb9cdd12185c07037b7800c40081ced04c6c18a8205a101ff3c,c96d18f50d6deeb9cdd12185c07037b7800c40081ced04c6c18a8205a101ff3c,True,6.0,6.0
table,reports/final/tables/T5_visibility_bias.csv,6fe274a0a6bb966149fe298a3dc2b47c2a9886b9420cd9d5cc4e31817c91ae5b,6fe274a0a6bb966149fe298a3dc2b47c2a9886b9420cd9d5cc4e31817c91ae5b,True,3.0,3.0
table,reports/final/tables/T6_models.csv,2b7a770b39dc0a53361535f855cea0dae20966b567f8581ecd6f538bec60e15d,2b7a770b39dc0a53361535f855cea0dae20966b567f8581ecd6f538bec60e15d,True,10.0,10.0
table,reports/final/tables/T7_model_diagnostics.json,c274dd78784e7881c10b953bc8c07859daa01122b53aafbd2cef500353199896,c274dd78784e7881c10b953bc8c07859daa01122b53aafbd2cef500353199896,True,,
table,reports/final/tables/T8_structural_family_coverage.csv,4e1d480d310ad238db0e3e12502fdf398125655de8d485e35cc5c7ea765bacc9,4e1d480d310ad238db0e3e12502fdf398125655de8d485e35cc5c7ea765bacc9,True,18.0,18.0
table,reports/final/tables/T9_pilot_metrics.csv,2ac5876ea74057575ea73729eef14cf4e9303bdf7ed38a9afdf0ae501ef13654,2ac5876ea74057575ea73729eef14cf4e9303bdf7ed38a9afdf0ae501ef13654,True,13.0,13.0
table,reports/final/tables/T10_llm_cost_report.csv,478fa2edf0f562a2032569214c15e4abdb9a4f175f4756fda10e4940596fdb8e,478fa2edf0f562a2032569214c15e4abdb9a4f175f4756fda10e4940596fdb8e,True,1.0,1.0
table,reports/final/tables/T11_enrichment_plan.csv,02875b5056587bd0ce89c58dd9029c81a98768eef7727053e24026e9b0c54aeb,02875b5056587bd0ce89c58dd9029c81a98768eef7727053e24026e9b0c54aeb,True,1.0,1.0
table,reports/final/tables/A1_a_layer_verification.csv,c2e400c9ef62b4150dac2b6155615b37dec26dce422aa42a9fd500cc9159b4ac,c2e400c9ef62b4150dac2b6155615b37dec26dce422aa42a9fd500cc9159b4ac,True,116.0,116.0
table,reports/final/tables/A2_missing_sensitivity.csv,6244926864dc610a269b0364807526b218bda4da9911ed428fa19134cb66cd6f,6244926864dc610a269b0364807526b218bda4da9911ed428fa19134cb66cd6f,True,6.0,6.0
table,reports/final/tables/A3_humble_definitions.csv,fd04df7e7024b54af30b2c33ec4e6ab9c7233d2f016278ba65b38f3d6e17d07a,fd04df7e7024b54af30b2c33ec4e6ab9c7233d2f016278ba65b38f3d6e17d07a,True,30.0,30.0
table,reports/final/tables/A4_humble_agreement.csv,78f0708714998963a1ce3c3f1ea74c9c49d7db2baad0450ffb5b861b2b99432e,78f0708714998963a1ce3c3f1ea74c9c49d7db2baad0450ffb5b861b2b99432e,True,10.0,10.0
table,reports/final/tables/A5_duplication.csv,48ed255c806e224cd3441bac0de5b89ea82d05cb3fa81c0d92f56aa6fe579c8c,48ed255c806e224cd3441bac0de5b89ea82d05cb3fa81c0d92f56aa6fe579c8c,True,6.0,6.0
table,reports/final/tables/A6_duplication_sensitivity.csv,1e1117c0488e19f58e0a2582152f319437bf5359e3f59a932b07ddf85cefb88b,1e1117c0488e19f58e0a2582152f319437bf5359e3f59a932b07ddf85cefb88b,True,2.0,2.0
table,reports/final/tables/A7_cgedq_quarters.csv,8cc774d091b3cf87c5a1de114109085c722a272e5ca5bfa538b4b806b913eebd,8cc774d091b3cf87c5a1de114109085c722a272e5ca5bfa538b4b806b913eebd,True,6.0,6.0
table,reports/final/tables/A8_office_tier.csv,0154b2e697275905869c4274bec52a50851988a1e96c0b0c3645f32d8fd079f8,0154b2e697275905869c4274bec52a50851988a1e96c0b0c3645f32d8fd079f8,True,6.0,6.0
table,reports/final/tables/A9_time_window.csv,1f20ceabd3d94c3b5647e086696f0c0c0086e8e6dc67cecb535b4a9a45b09e28,1f20ceabd3d94c3b5647e086696f0c0c0086e8e6dc67cecb535b4a9a45b09e28,True,6.0,6.0
table,reports/final/tables/A10_denominators.csv,c697cc0619a116f070cce4f05cbeb70448ad2588a6622aca0cb60b0da51c839a,c697cc0619a116f070cce4f05cbeb70448ad2588a6622aca0cb60b0da51c839a,True,2.0,2.0
table,reports/final/tables/A11_unknown_coding.csv,477d01348e27674c2971126b55dcef149e40646d0bf08adbe77da16a2e7ede22,477d01348e27674c2971126b55dcef149e40646d0bf08adbe77da16a2e7ede22,True,7.0,7.0
table,reports/final/tables/A12_replication_10pct.csv,9aea3b1f83118e3b0add10aa9f1c92463b59b4619f5c8a6fac62c2e532a667c9,9aea3b1f83118e3b0add10aa9f1c92463b59b4619f5c8a6fac62c2e532a667c9,True,32.0,32.0
figure,reports/final/figures/p06_coverage_by_tier.pdf,11c3acf63f062fe5247acf82e9ee41fec31d48c0061f1b2a29d7e3b777020d80,11c3acf63f062fe5247acf82e9ee41fec31d48c0061f1b2a29d7e3b777020d80,True,,
figure,reports/final/figures/p06_coverage_by_tier.png,3cd6124b2f6cc3a54863a1c91dc7efbace4884a699e54b4fb8a5b524cea609ad,3cd6124b2f6cc3a54863a1c91dc7efbace4884a699e54b4fb8a5b524cea609ad,True,,
figure,reports/final/figures/p06_prevalence_by_tier.pdf,8d59f4e96f7d408e908982f64160137758dd5b6cddf4f816e32e47d14b8f74de,8d59f4e96f7d408e908982f64160137758dd5b6cddf4f816e32e47d14b8f74de,True,,
figure,reports/final/figures/p06_prevalence_by_tier.png,eef0f0619a2c659cc44d9595a38caa45b90282f8ab543820968ad7b5087ea073,eef0f0619a2c659cc44d9595a38caa45b90282f8ab543820968ad7b5087ea073,True,,
figure,reports/final/figures/p06_elite_generations.pdf,0dca350496f1a9ec9d262cfc32903360292a39304b12b5b99fe571beaeb68b47,0dca350496f1a9ec9d262cfc32903360292a39304b12b5b99fe571beaeb68b47,True,,
figure,reports/final/figures/p06_elite_generations.png,f170cdd3028873b9ff823e057df69a7861216a8537ebb4afacd06a34ce56a2a1,f170cdd3028873b9ff823e057df69a7861216a8537ebb4afacd06a34ce56a2a1,True,,
figure,reports/final/figures/p06_cohort_trend_abc.pdf,26679cf1c1251ae186678688db895641e18b4a6dc34ad5d3bdea8bd38a938296,26679cf1c1251ae186678688db895641e18b4a6dc34ad5d3bdea8bd38a938296,True,,
figure,reports/final/figures/p06_cohort_trend_abc.png,1cc22de01e5fc80f97ed5537ecd6bff6f4438a56040906d9b58db2b18a807931,1cc22de01e5fc80f97ed5537ecd6bff6f4438a56040906d9b58db2b18a807931,True,,
source,data/raw/cbdb/cbdb_20260912.zip,0f9ff7b93cd6b8b6c172f7edf03eaff66e8a593164f3047c3f4eff434d104678,0f9ff7b93cd6b8b6c172f7edf03eaff66e8a593164f3047c3f4eff434d104678,True,,
source,data/raw/cbdb/cbdb_20260912.sqlite3,604a4ce0872776a958b4f5b263ec10133644710524bcb1cb904d8866a04daa62,604a4ce0872776a958b4f5b263ec10133644710524bcb1cb904d8866a04daa62,True,,
source,data/raw/cbdb/cbdb_20260912.json,bd215bc3033ab6db533bf3ba0c258479ecd23a6e2701235b4c2b3172bf204f83,bd215bc3033ab6db533bf3ba0c258479ecd23a6e2701235b4c2b3172bf204f83,True,,
source,data/raw/cbdb/cbdb_users_guide_2025-11-04_wayback.pdf,ee222b719232c226fd1b60321aabd6e570110d86898e78134f907f97d6c29c01,ee222b719232c226fd1b60321aabd6e570110d86898e78134f907f97d6c29c01,True,,
source,data/raw/cgeq/cgedq_jsl_public_1760-1912_personid_2026-08-28.tab,92d74b4dbca2de3ad67a502f2cd2e14815d4ba0cc27776b1c06063873928d476,92d74b4dbca2de3ad67a502f2cd2e14815d4ba0cc27776b1c06063873928d476,True,,
source,data/raw/cgeq/cgedq_jsl_chushen_recodes.tab,83860ac33840c22ae2d7aba33952d3d9bce6fe52588a7ad5f6d3e2fa87d20198,83860ac33840c22ae2d7aba33952d3d9bce6fe52588a7ad5f6d3e2fa87d20198,True,,
source,data/raw/cgeq/cgedq_jsl_province_recodes.tab,ed1a30e5fdf741c3f9084de88866da52261442df08050172859e0a86e4164775,ed1a30e5fdf741c3f9084de88866da52261442df08050172859e0a86e4164775,True,,
source,data/raw/cgeq/cgedq_jsl_user_guide_v4_2025-07.pdf,6da8501a8f859428b14644a37a3c4d4386926eb959eb99889efa3533951ad02c,6da8501a8f859428b14644a37a3c4d4386926eb959eb99889efa3533951ad02c,True,,
source,data/raw/cgeq/cgedq_r_tutorial_v2_2025-06.pdf,2900263db5ff9a3ef473112777b94b40b55c0143e8f745e3c5fb24add1a6a149,2900263db5ff9a3ef473112777b94b40b55c0143e8f745e3c5fb24add1a6a149,True,,
