task,stratum,split,n,positive,precision,recall,tp,fp,fn,tn,threshold,note
cross_source,alias_positive,held_out,8,8.0,,0.0,0.0,0.0,134.53,0.0,0.003452704399668922,
cross_source,alias_positive,train,52,52.0,,0.0,0.0,0.0,874.47,0.0,0.003452704399668922,
cross_source,banner_no_surname,held_out,14,0.0,,,0.0,0.0,0.0,666.87,0.003452704399668922,
cross_source,banner_no_surname,train,46,0.0,,,0.0,0.0,0.0,2191.13,0.003452704399668922,
cross_source,degree_conflict,held_out,11,0.0,,,0.0,0.0,0.0,4377.27,0.003452704399668922,
cross_source,degree_conflict,train,49,0.0,,,0.0,0.0,0.0,19498.73,0.003452704399668922,
cross_source,era_conflict,unlabelled,60,,,,,,,,0.003452704399668922,review stratum: no usable gold conflict
cross_source,high_frequency_name,held_out,14,0.0,,,0.0,0.0,0.0,573.3,0.003452704399668922,
cross_source,high_frequency_name,train,46,0.0,,,0.0,0.0,0.0,1883.7,0.003452704399668922,
cross_source,multi_field_positive,held_out,17,17.0,1.0,0.5882352941176471,66.17,0.0,46.32,0.0,0.003452704399668922,
cross_source,multi_field_positive,train,43,43.0,1.0,0.6511627906976745,185.27,0.0,99.25,0.0,0.003452704399668922,
cross_source,province_conflict,held_out,14,0.0,,,0.0,0.0,0.0,178.73,0.003452704399668922,
cross_source,province_conflict,train,46,0.0,,,0.0,0.0,0.0,587.27,0.003452704399668922,
cross_source,variant_char,held_out,10,0.0,,,0.0,0.0,0.0,57.67,0.003452704399668922,
cross_source,variant_char,train,50,0.0,,,0.0,0.0,0.0,288.33,0.003452704399668922,
dedupe,banner_conflict,held_out,8,0.0,,,0.0,0.0,0.0,708.93,1.0,
dedupe,banner_conflict,train,52,0.0,,,0.0,0.0,0.0,4608.07,1.0,
dedupe,corroborated_pair,held_out,5,5.0,,0.0,0.0,0.0,5.0,0.0,1.0,
dedupe,corroborated_pair,train,39,39.0,,0.0,0.0,0.0,39.0,0.0,1.0,
dedupe,degree_and_era_conflict,held_out,14,0.0,,,0.0,0.0,0.0,386.63,1.0,
dedupe,degree_and_era_conflict,train,46,0.0,,,0.0,0.0,0.0,1270.37,1.0,
dedupe,high_frequency_name,held_out,13,0.0,,,0.0,0.0,0.0,100.1,1.0,
dedupe,high_frequency_name,train,47,0.0,,,0.0,0.0,0.0,361.9,1.0,
dedupe,province_conflict,held_out,17,0.0,,,0.0,0.0,0.0,1068.17,1.0,
dedupe,province_conflict,train,43,0.0,,,0.0,0.0,0.0,2701.83,1.0,
dedupe,structural_same_edition,held_out,7,7.0,,0.0,0.0,0.0,435.05,0.0,1.0,
dedupe,structural_same_edition,train,53,53.0,,0.0,0.0,0.0,3293.95,0.0,1.0,
