coverage_set,tier,n_entities,n_linked,pct
high_only,A1,92,68,73.91
high_only,A2,9,8,88.89
high_only,A3,15,9,60.0
high_only,B,613,531,86.62
high_only,C,450,398,88.44
high_only,D,38809,302,0.78
high_only,ALL,39988,1316,3.29
reviewed_accepted,A1,92,68,73.91
reviewed_accepted,A2,9,8,88.89
reviewed_accepted,A3,15,9,60.0
reviewed_accepted,B,613,531,86.62
reviewed_accepted,C,450,398,88.44
reviewed_accepted,D,38809,12331,31.77
reviewed_accepted,ALL,39988,13345,33.37
all_candidate,A1,92,92,100.0
all_candidate,A2,9,9,100.0
all_candidate,A3,15,15,100.0
all_candidate,B,613,613,100.0
all_candidate,C,450,450,100.0
all_candidate,D,38809,38809,100.0
all_candidate,ALL,39988,39988,100.0
